"","Name","Completeness","Contamination","Completeness_Model_Used","Translation_Table_Used","Coding_Density","Contig_N50","Average_Gene_Length","Genome_Size","GC_Content","Total_Coding_Sequences","Total_Contigs","Max_Contig_Length","Additional_Notes","Genome"
"1","GCA_000367665.2_ASM36766v2_genomic",100,0.89,"Neural","Network","(Specific","Model)",11,0.852,345510,306.402415051952,3832325,0.53,3561,"GCA_000367665.2_ASM36766v2_genomic/quality_report.tsv"
"2","GCA_000367685.2_ASM36768v2_genomic",99.9,0.69,"Neural","Network","(Specific","Model)",11,0.844,253794,280.883289817232,3813203,0.53,3830,"GCA_000367685.2_ASM36768v2_genomic/quality_report.tsv"
"3","GCA_000513355.1_EA_LA637_genomic",100,0.13,"Neural","Network","(Specific","Model)",11,0.856,636776,316.076043453402,3869546,0.54,3498,"GCA_000513355.1"
"4","GCA_000513395.1_EA_LA636_genomic",100,0.13,"Neural","Network","(Specific","Model)",11,0.856,636794,318.415,3789866,0.54,3400,"GCA_000513395.1"
"5","GCA_000513415.1_EA_LA635_genomic",100,0.13,"Neural","Network","(Specific","Model)",11,0.855,636794,318.32,3791024,0.54,3400,"GCA_000513415.1"
"6","GCA_001078075.1_ASM107807v1_genomic",100,0.05,"Neural","Network","(Specific","Model)",11,0.875,27557,300.150977263662,5149670,0.56,5014,"GCA_001078075.1"
"7","GCA_001602545.1_ASM160254v1_genomic",100,0.34,"Neural","Network","(Specific","Model)",11,0.874,141866,301.224705647575,5172400,0.56,5011,"GCA_001602545.1"
"8","GCA_001602555.1_ASM160255v1_genomic",100,0.1,"Neural","Network","(Specific","Model)",11,0.877,78973,307.436375052323,5016053,0.57,4778,"GCA_001602555.1"
"9","GCA_001689725.1_ASM168972v1_genomic",90.82,1.96,"Gradient","Boost","(General","Model)",11,0.79,9998,207.28776185226,2132378,0.54,2721,"GCA_001689725.1"
"10","GCA_002299595.1_ASM229959v1_genomic",86.06,0.89,"Neural","Network","(Specific","Model)",11,0.871,32523,304.697162556351,3950619,0.57,3771,"GCA_002299595.1"
"11","GCA_002359495.1_ASM235949v1_genomic",91.07,0.7,"Neural","Network","(Specific","Model)",11,0.867,61340,303.090770015298,4105524,0.57,3922,"GCA_002359495.1"
"12","GCA_002415165.1_ASM241516v1_genomic",99.99,0.45,"Neural","Network","(Specific","Model)",11,0.882,222669,323.163467902052,4973354,0.55,4533,"GCA_002415165.1"
"13","GCA_002732135.1_ASM273213v1_genomic",100,0.54,"Neural","Network","(Specific","Model)",11,0.838,924013,288.4312,3859870,0.54,3750,"GCA_002732135.1"
"14","GCA_002752575.1_ASM275257v1_genomic",100,0.19,"Neural","Network","(Specific","Model)",11,0.875,35950,307.216597510373,5067644,0.57,4820,"GCA_002752575.1"
"15","GCA_003507845.1_ASM350784v1_genomic",71.84,0.46,"Neural","Network","(Specific","Model)",11,0.873,8557,282.775121163166,3003662,0.56,3095,"GCA_003507845.1"
"16","GCA_003507915.1_ASM350791v1_genomic",77.74,1.8,"Neural","Network","(Specific","Model)",11,0.848,8110,276.32353726957,3653619,0.56,3743,"GCA_003507915.1"
"17","GCA_003507935.1_ASM350793v1_genomic",75.11,0.44,"Neural","Network","(Specific","Model)",11,0.895,7408,291.464032108675,3158229,0.56,3239,"GCA_003507935.1"
"18","GCA_003509515.1_ASM350951v1_genomic",80.27,1.4,"Neural","Network","(Specific","Model)",11,0.849,8149,275.778634068562,3659170,0.56,3763,"GCA_003509515.1"
"19","GCA_003510065.1_ASM351006v1_genomic",77.32,1.12,"Neural","Network","(Specific","Model)",11,0.867,7520,281.356654823722,3555020,0.56,3659,"GCA_003510065.1"
"20","GCA_003510685.1_ASM351068v1_genomic",69.93,1.68,"Neural","Network","(Specific","Model)",11,0.891,7614,291.536440412887,3134539,0.57,3197,"GCA_003510685.1"
"21","GCA_003512805.1_ASM351280v1_genomic",69.35,0.61,"Neural","Network","(Specific","Model)",11,0.82,6964,262.187624750499,2878514,0.55,3006,"GCA_003512805.1"
"22","GCA_009676845.1_ASM967684v1_genomic",100,0.32,"Neural","Network","(Specific","Model)",11,0.851,4148381,310.592885375494,4148381,0.5,3795,"GCA_009676845.1"
"23","GCA_012027475.1_ASM1202747v1_genomic",86.82,5.06,"Gradient","Boost","(General","Model)",11,0.762,5147,149.913217062408,2782575,0.54,4759,"GCA_012027475.1"
"24","GCA_014353905.1_ASM1435390v1_genomic",99.99,3.5,"Neural","Network","(Specific","Model)",11,0.872,7801,268.87796735905,4975596,0.56,5392,"GCA_014353905.1"
"25","GCA_015654895.1_ASM1565489v1_genomic",82.7,1.33,"Neural","Network","(Specific","Model)",11,0.894,7852,286.637653282039,3996115,0.56,4159,"GCA_015654895.1"
"26","GCA_016925695.1_ASM1692569v1_genomic",95.74,1.78,"Neural","Network","(Specific","Model)",11,0.848,4903907,254.609057782405,5158255,0.56,5763,"GCA_016925695.1"
"27","GCA_017161525.1_ASM1716152v1_genomic",100,0.08,"Neural","Network","(Specific","Model)",11,0.843,3803552,291.722972972973,3831803,0.54,3700,"GCA_017161525.1"
"28","GCA_023612735.1_ASM2361273v1_genomic",100,0.21,"Neural","Network","(Specific","Model)",11,0.845,3803641,299.942785375384,3803641,0.54,3583,"GCA_023612735.1"
"29","GCA_031974815.1_ASM3197481v1_genomic",85.41,2.47,"Neural","Network","(Specific","Model)",11,0.873,13167,290.108466257669,4055594,0.53,4075,"GCA_031974815.1"
"30","GCA_032005465.1_ASM3200546v1_genomic",93.77,2.41,"Neural","Network","(Specific","Model)",11,0.864,9517,289.089369708373,4258075,0.56,4252,"GCA_032005465.1"
"31","GCA_036865865.1_ASM3686586v1_genomic",98.99,0.22,"Neural","Network","(Specific","Model)",11,0.859,4609290,280.256323777403,4625959,0.57,4744,"GCA_036865865.1"
"32","GCA_036866075.1_ASM3686607v1_genomic",98.99,0.15,"Neural","Network","(Specific","Model)",11,0.862,4547951,288.186830015314,4569071,0.57,4571,"GCA_036866075.1"
"33","GCA_037031965.1_ASM3703196v1_genomic",90.36,0.79,"Neural","Network","(Specific","Model)",11,0.88,82812,319.949468085106,4502603,0.56,4136,"GCA_037031965.1"
"34","GCA_037031985.1_ASM3703198v1_genomic",99.8,0.34,"Neural","Network","(Specific","Model)",11,0.882,91004,318.949719363891,4634138,0.56,4276,"GCA_037031985.1"
"35","GCA_037032905.1_ASM3703290v1_genomic",95.41,1.81,"Neural","Network","(Specific","Model)",11,0.883,96926,322.691019417476,4512341,0.56,4120,"GCA_037032905.1"
"36","GCA_037033565.1_ASM3703356v1_genomic",95.21,1.42,"Neural","Network","(Specific","Model)",11,0.882,64761,316.36660657954,4768914,0.56,4438,"GCA_037033565.1"
"37","GCA_037033665.1_ASM3703366v1_genomic",99.77,1.08,"Neural","Network","(Specific","Model)",11,0.883,152377,321.627268602541,4805805,0.56,4408,"GCA_037033665.1"
"38","GCA_037033865.1_ASM3703386v1_genomic",100,1.2,"Neural","Network","(Specific","Model)",11,0.872,92296,314.382148377125,5586454,0.55,5176,"GCA_037033865.1"
"39","GCA_913775305.1_S2C118127_SP301_genomic",92.06,1.08,"Neural","Network","(Specific","Model)",11,0.868,43232,310.657923201731,3962380,0.55,3698,"GCA_913775305.1"
"40","GCA_936920615.1_SRR3184099_bin.6_CONCOCT_v1.1_MAG_genomic",96.87,0.06,"Neural","Network","(Specific","Model)",11,0.892,13275,320.176484448633,4560629,0.57,4244,"GCA_936920615.1"
"41","GCA_937876675.1_SRR3742170_bin.6_CONCOCT_v1.1_MAG_genomic",99.38,3.6,"Gradient","Boost","(General","Model)",11,0.788,5825,185.738511779799,3018133,0.53,4287,"GCA_937876675.1"
"42","GCA_943914455.1_10Bqi3VEdU_bin.12.MAG_genomic",99.98,0.09,"Neural","Network","(Specific","Model)",11,0.888,21498,320.660274621212,4570962,0.57,4224,"GCA_943914455.1"
"43","GCA_945290265.1_SRR11267070_bin.16_metawrap_v1.3.0_MAG_genomic",98.73,0.31,"Neural","Network","(Specific","Model)",11,0.853,86521,304.088764742396,3441748,0.53,3222,"GCA_945290265.1"
"44","GCA_964016415.1_Erwinia_impunctatus_genomic",100,0.14,"Neural","Network","(Specific","Model)",11,0.85,3461605,284.619047619048,3595888,0.48,3591,"GCA_964016415.1"
"45","GCF_000026185.1_ASM2618v1_genomic",100,0.2,"Neural","Network","(Specific","Model)",11,0.856,3883467,312.471647406611,4067864,0.53,3721,"GCF_000026185.1"
"46","GCF_000026985.1_ASM2698v1_genomic",100,0.3,"Neural","Network","(Specific","Model)",11,0.848,4026286,307.768266666667,4072827,0.53,3750,"GCF_000026985.1"
"47","GCF_000027205.1_ASM2720v1_genomic",100,0.14,"Neural","Network","(Specific","Model)",11,0.847,3805874,316.269605037207,3905604,0.54,3494,"GCF_000027205.1"
"48","GCF_000027265.1_ASM2726v1_genomic",100,0.25,"Neural","Network","(Specific","Model)",11,0.849,4026322,308.814488104785,4072846,0.53,3741,"GCF_000027265.1"
"49","GCF_000091565.1_ASM9156v1_genomic",100,0.13,"Neural","Network","(Specific","Model)",11,0.847,3805573,317.214745465184,3833832,0.54,3418,"GCF_000091565.1"
"50","GCF_000165815.1_ASM16581v1_genomic",100,0.3,"Neural","Network","(Specific","Model)",11,0.848,3909168,311.095449500555,3957675,0.54,3604,"GCF_000165815.1"
"51","GCF_000196615.1_ASM19661v1_genomic",100,0.26,"Neural","Network","(Specific","Model)",11,0.876,5100167,320.959534028204,5372268,0.55,4893,"GCF_000196615.1"
"52","GCF_000240705.2_ASM24070v2_genomic",100,0.16,"Neural","Network","(Specific","Model)",11,0.855,339669,315.218025751073,3860835,0.54,3495,"GCF_000240705.2_ASM24070v2_genomic/quality_report.tsv"
"53","GCF_000367545.1_ASM36754v2_genomic",100,0.13,"Neural","Network","(Specific","Model)",11,0.855,558529,317.082601054482,3792204,0.54,3414,"GCF_000367545.1"
"54","GCF_000367565.1_ASM36756v2_genomic",100,0.15,"Neural","Network","(Specific","Model)",11,0.854,231995,312.245015891361,3786928,0.54,3461,"GCF_000367565.1"
"55","GCF_000367585.1_ASM36758v2_genomic",100,0.15,"Neural","Network","(Specific","Model)",11,0.855,558407,316.556135770235,3821701,0.54,3447,"GCF_000367585.1"
"56","GCF_000367605.1_ASM36760v2_genomic",100,0.14,"Neural","Network","(Specific","Model)",11,0.854,640494,317.356975381008,3795813,0.54,3412,"GCF_000367605.1"
"57","GCF_000367625.1_ASM36762v2_genomic",100,0.33,"Neural","Network","(Specific","Model)",11,0.854,177096,314.658238884045,3795525,0.54,3441,"GCF_000367625.1"
"58","GCF_000367645.1_ASM36764v1_genomic",100,0.11,"Neural","Network","(Specific","Model)",11,0.856,602674,318.432416444839,3766970,0.54,3381,"GCF_000367645.1"
"59","GCF_000404125.1_Version_1_Erwinia_tracheiphila_PSU-1_genomic",100,0.25,"Neural","Network","(Specific","Model)",11,0.744,462843,233.764939448084,4717274,0.5,5037,"GCF_000404125.1"
"60","GCF_000590885.1_MSR-CA7.0_genomic",99.98,0.69,"Neural","Network","(Specific","Model)",11,0.863,107408,313.568080618702,4640069,0.52,4267,"GCF_000590885.1"
"61","GCF_000599885.1_IMH_genomic",100,0.11,"Neural","Network","(Specific","Model)",11,0.854,1139861,317.554285714286,4091152,0.55,3675,"GCF_000599885.1"
"62","GCF_000696075.1_ASM69607v1_genomic",100,0.13,"Neural","Network","(Specific","Model)",11,0.853,235453,315.679765395894,3777657,0.54,3410,"GCF_000696075.1"
"63","GCF_000745075.1_ASM74507v1_genomic",100,0.28,"Neural","Network","(Specific","Model)",11,0.881,4254300,317.242524075013,4254300,0.55,3946,"GCF_000745075.1"
"64","GCF_000770305.1_ASM77030v1_genomic",100,0.78,"Neural","Network","(Specific","Model)",11,0.882,50759,305.16622979467,4744408,0.55,4578,"GCF_000770305.1"
"65","GCF_000773975.1_ASM77397v1_genomic",100,1.34,"Neural","Network","(Specific","Model)",11,0.879,142798,305.495836350471,5749517,0.55,5524,"GCF_000773975.1"
"66","GCF_000975275.1_ASM97527v1_genomic",100,0.53,"Neural","Network","(Specific","Model)",11,0.81,4281223,246.032561505065,5015962,0.51,5528,"GCF_000975275.1"
"67","GCF_001050515.1_ASM105051v1_genomic",100,0.22,"Neural","Network","(Specific","Model)",11,0.868,359859,318.166992460207,3930655,0.53,3581,"GCF_001050515.1"
"68","GCF_001422605.1_Leaf53_genomic",99.99,0.1,"Neural","Network","(Specific","Model)",11,0.861,483606,319.324289125244,5115519,0.59,4607,"GCF_001422605.1"
"69","GCF_001571305.1_ASM157130v1_genomic",100,0.56,"Neural","Network","(Specific","Model)",11,0.882,228274,316.586327782647,4905774,0.55,4564,"GCF_001571305.1"
"70","GCF_001756855.1_ASM175685v1_genomic",99.75,0.09,"Gradient","Boost","(General","Model)",11,0.814,6174,213.69400814427,2698045,0.53,3438,"GCF_001756855.1"
"71","GCF_002732125.1_ASM273212v1_genomic",100,0.25,"Neural","Network","(Specific","Model)",11,0.847,3831709,314.633019674936,3903127,0.54,3507,"GCF_002732125.1"
"72","GCF_002732175.1_ASM273217v1_genomic",100,0.17,"Neural","Network","(Specific","Model)",11,0.843,3830233,308.227157001414,3868029,0.54,3535,"GCF_002732175.1"
"73","GCF_002732205.1_ASM273220v1_genomic",100,0.42,"Neural","Network","(Specific","Model)",11,0.846,3826717,310.672610755085,3947620,0.54,3589,"GCF_002732205.1"
"74","GCF_002732215.1_ASM273221v1_genomic",100,0.15,"Neural","Network","(Specific","Model)",11,0.852,387770,313.12593876372,3811504,0.54,3462,"GCF_002732215.1"
"75","GCF_002732245.1_ASM273224v1_genomic",100,0.32,"Neural","Network","(Specific","Model)",11,0.852,423938,314.956027955737,3802373,0.54,3434,"GCF_002732245.1"
"76","GCF_002732255.1_ASM273225v1_genomic",100,0.14,"Neural","Network","(Specific","Model)",11,0.852,387947,313.841021177836,3803426,0.54,3447,"GCF_002732255.1"
"77","GCF_002732285.1_ASM273228v1_genomic",100,0.1,"Neural","Network","(Specific","Model)",11,0.851,428925,313.792296718973,3870152,0.54,3505,"GCF_002732285.1"
"78","GCF_002732295.1_ASM273229v1_genomic",100,0.11,"Neural","Network","(Specific","Model)",11,0.85,386984,311.846197342381,3886446,0.54,3537,"GCF_002732295.1"
"79","GCF_002732315.1_ASM273231v1_genomic",100,0.12,"Neural","Network","(Specific","Model)",11,0.851,386988,311.676352128884,3814230,0.53,3476,"GCF_002732315.1"
"80","GCF_002732335.1_ASM273233v1_genomic",100,0.06,"Neural","Network","(Specific","Model)",11,0.85,339298,304.671360255048,4042114,0.53,3764,"GCF_002732335.1"
"81","GCF_002732365.1_ASM273236v1_genomic",100,0.08,"Neural","Network","(Specific","Model)",11,0.845,3833606,309.722422895249,3951347,0.54,3599,"GCF_002732365.1"
"82","GCF_002732385.1_ASM273238v1_genomic",100,0.26,"Neural","Network","(Specific","Model)",11,0.844,3830072,310.809935807982,3951821,0.54,3583,"GCF_002732385.1"
"83","GCF_002732405.1_ASM273240v1_genomic",100,0.13,"Neural","Network","(Specific","Model)",11,0.851,415838,311.365124964091,3812516,0.54,3481,"GCF_002732405.1"
"84","GCF_002732425.1_ASM273242v1_genomic",100,0.83,"Neural","Network","(Specific","Model)",11,0.85,429632,311.611282627,3910597,0.54,3563,"GCF_002732425.1"
"85","GCF_002732435.1_ASM273243v1_genomic",100,0.14,"Neural","Network","(Specific","Model)",11,0.851,386867,306.858421936206,3858243,0.54,3574,"GCF_002732435.1"
"86","GCF_002732445.1_ASM273244v1_genomic",100,0.09,"Neural","Network","(Specific","Model)",11,0.85,429362,311.568240343348,3834797,0.53,3495,"GCF_002732445.1"
"87","GCF_002732485.1_ASM273248v1_genomic",100,0.12,"Neural","Network","(Specific","Model)",11,0.852,386990,312.822883559665,3807992,0.54,3461,"GCF_002732485.1"
"88","GCF_002732505.1_ASM273250v1_genomic",100,0.12,"Neural","Network","(Specific","Model)",11,0.852,421548,313.718550724638,3805200,0.54,3450,"GCF_002732505.1"
"89","GCF_002803865.1_ASM280386v1_genomic",100,0.14,"Neural","Network","(Specific","Model)",11,0.847,3806898,317.546120058565,3835149,0.54,3415,"GCF_002803865.1"
"90","GCF_002865965.1_ASM286596v1_genomic",99.97,0.27,"Neural","Network","(Specific","Model)",11,0.854,105201,316.760990850257,4979827,0.59,4481,"GCF_002865965.1"
"91","GCF_002952315.1_ASM295231v1_genomic",100,0.31,"Neural","Network","(Specific","Model)",11,0.849,4027225,307.074900398406,4075681,0.53,3765,"GCF_002952315.1"
"92","GCF_002976475.1_ASM297647v1_genomic",100,1.82,"Neural","Network","(Specific","Model)",11,0.869,288204,317.547840655249,5876876,0.55,5372,"GCF_002976475.1"
"93","GCF_002980095.1_ASM298009v1_genomic",100,0.43,"Neural","Network","(Specific","Model)",11,0.883,570570,326.121972699251,5026532,0.55,4542,"GCF_002980095.1"
"94","GCF_003058285.1_ASM305828v2_genomic",99.45,3.46,"Gradient","Boost","(General","Model)",11,0.791,5472,203.71736204576,2858157,0.53,3715,"GCF_003058285.1"
"95","GCF_003485445.1_ASM348544v1_genomic",100,1.46,"Neural","Network","(Specific","Model)",11,0.875,4795673,310.059820121314,5070450,0.55,4781,"GCF_003485445.1"
"96","GCF_003568535.1_Cucumis_polished_assembly.fasta_genomic",100,1.08,"Neural","Network","(Specific","Model)",11,0.809,4891733,244.456374643875,5070984,0.51,5616,"GCF_003568535.1"
"97","GCF_003751505.1_ASM375150v1_genomic",99.95,1.74,"Neural","Network","(Specific","Model)",11,0.871,468017,325.809066221015,5365586,0.57,4787,"GCF_003751505.1"
"98","GCF_003846135.1_ASM384613v1_genomic",100,0.11,"Neural","Network","(Specific","Model)",11,0.835,268284,306.358936844672,4503018,0.51,4101,"GCF_003846135.1"
"99","GCF_003937915.1_ASM393791v1_genomic",100,0.06,"Neural","Network","(Specific","Model)",11,0.856,285549,316.265007320644,4534110,0.56,4098,"GCF_003937915.1"
"100","GCF_003992295.1_ASM399229v1_genomic",100,0.15,"Neural","Network","(Specific","Model)",11,0.853,387818,312.664774340051,3868111,0.54,3523,"GCF_003992295.1"
"101","GCF_004022165.1_ASM402216v1_genomic",100,0.24,"Neural","Network","(Specific","Model)",11,0.86,225399,319.099424815119,4058613,0.5,3651,"GCF_004022165.1"
"102","GCF_004023365.1_ASM402336v1_genomic",100,0.7,"Neural","Network","(Specific","Model)",11,0.846,277964,298.873981531776,3895498,0.53,3682,"GCF_004023365.1"
"103","GCF_004364855.1_ASM436485v1_genomic",100,0.06,"Neural","Network","(Specific","Model)",11,0.881,424201,318.80926039746,5287686,0.54,4881,"GCF_004364855.1"
"104","GCF_004551645.1_ASM455164v1_genomic",100,0.22,"Neural","Network","(Specific","Model)",11,0.873,4926645,318.572813442482,5076534,0.55,4642,"GCF_004551645.1"
"105","GCF_005233475.1_ASM523347v1_genomic",100,0.38,"Neural","Network","(Specific","Model)",11,0.877,183772,311.374872318693,5203109,0.55,4895,"GCF_005233475.1"
"106","GCF_007981265.1_ASM798126v1_genomic",100,0.63,"Neural","Network","(Specific","Model)",11,0.87,5008525,312.294080867028,5159767,0.53,4798,"GCF_007981265.1"
"107","GCF_008728215.1_ASM872821v1_genomic",100,0.07,"Neural","Network","(Specific","Model)",11,0.878,4824998,323.496399639964,4903410,0.55,4444,"GCF_008728215.1"
"108","GCF_009295515.1_ASM929551v1_genomic",99.99,0.02,"Neural","Network","(Specific","Model)",11,0.862,146809,306.776209677419,4227107,0.52,3968,"GCF_009295515.1"
"109","GCF_009707715.1_ASM970771v1_genomic",100,0.09,"Neural","Network","(Specific","Model)",11,0.876,428408,327.368660287081,4680664,0.53,4180,"GCF_009707715.1"
"110","GCF_009738185.1_ASM973818v1_genomic",100,0.08,"Neural","Network","(Specific","Model)",11,0.87,4699895,326.656804733728,4750253,0.53,4225,"GCF_009738185.1"
"111","GCF_009765445.1_ASM976544v1_genomic",100,0.16,"Neural","Network","(Specific","Model)",11,0.876,5174029,302.828359664521,5306339,0.54,5127,"GCF_009765445.1"
"112","GCF_009846845.1_ASM984684v1_genomic",100,0.65,"Neural","Network","(Specific","Model)",11,0.879,378096,311.210129518655,5488345,0.54,5173,"GCF_009846845.1"
"113","GCF_012026695.1_ASM1202669v1_genomic",92.74,2.28,"Gradient","Boost","(General","Model)",11,0.802,5365,191.570741097209,2223481,0.54,3117,"GCF_012026695.1"
"114","GCF_012271765.1_ASM1227176v1_genomic",100,0.04,"Neural","Network","(Specific","Model)",11,0.882,427656,317.309288943691,5240490,0.54,4866,"GCF_012271765.1"
"115","GCF_012366965.1_ASM1236696v1_genomic",100,0.14,"Neural","Network","(Specific","Model)",11,0.854,137629,314.212023460411,3758622,0.54,3410,"GCF_012366965.1"
"116","GCF_012366985.1_ASM1236698v1_genomic",100,0.16,"Neural","Network","(Specific","Model)",11,0.854,136607,313.741812865497,3763163,0.54,3420,"GCF_012366985.1"
"117","GCF_012366995.1_ASM1236699v1_genomic",100,0.14,"Neural","Network","(Specific","Model)",11,0.854,197560,314.464495305164,3760046,0.54,3408,"GCF_012366995.1"
"118","GCF_012367015.1_ASM1236701v1_genomic",100,0.17,"Neural","Network","(Specific","Model)",11,0.852,139452,310.530350527216,3830788,0.53,3509,"GCF_012367015.1"
"119","GCF_012367055.1_ASM1236705v1_genomic",100,0.12,"Neural","Network","(Specific","Model)",11,0.852,139231,311.163491612169,3847977,0.54,3517,"GCF_012367055.1"
"120","GCF_012367075.1_ASM1236707v1_genomic",100,0.17,"Neural","Network","(Specific","Model)",11,0.853,34584,304.566174421845,3835784,0.53,3589,"GCF_012367075.1"
"121","GCF_012367085.1_ASM1236708v1_genomic",100,0.36,"Neural","Network","(Specific","Model)",11,0.853,136531,306.737175951462,3903046,0.53,3626,"GCF_012367085.1"
"122","GCF_012367095.1_ASM1236709v1_genomic",100,0.14,"Neural","Network","(Specific","Model)",11,0.853,151722,313.492258252994,3765214,0.54,3423,"GCF_012367095.1"
"123","GCF_012367125.1_ASM1236712v1_genomic",100,0.14,"Neural","Network","(Specific","Model)",11,0.854,151709,313.36496350365,3764644,0.54,3425,"GCF_012367125.1"
"124","GCF_012367155.1_ASM1236715v1_genomic",100,0.14,"Neural","Network","(Specific","Model)",11,0.853,135677,313.394160583942,3766431,0.54,3425,"GCF_012367155.1"
"125","GCF_012367165.1_ASM1236716v1_genomic",100,0.14,"Neural","Network","(Specific","Model)",11,0.854,137349,313.090696996209,3765925,0.54,3429,"GCF_012367165.1"
"126","GCF_012367175.1_ASM1236717v1_genomic",100,0.44,"Neural","Network","(Specific","Model)",11,0.853,114693,308.737331081081,3849188,0.53,3552,"GCF_012367175.1"
"127","GCF_012367185.1_ASM1236718v1_genomic",100,0.14,"Neural","Network","(Specific","Model)",11,0.853,104694,312.065425995929,3766561,0.54,3439,"GCF_012367185.1"
"128","GCF_012367195.1_ASM1236719v1_genomic",100,0.15,"Neural","Network","(Specific","Model)",11,0.854,148465,313.944379391101,3761272,0.54,3416,"GCF_012367195.1"
"129","GCF_012367255.1_ASM1236725v1_genomic",100,0.15,"Neural","Network","(Specific","Model)",11,0.854,162090,313.148234607528,3763722,0.54,3427,"GCF_012367255.1"
"130","GCF_012367265.1_ASM1236726v1_genomic",100,0.13,"Neural","Network","(Specific","Model)",11,0.854,197543,313.918421052632,3765119,0.54,3420,"GCF_012367265.1"
"131","GCF_012367275.1_ASM1236727v1_genomic",100,0.16,"Neural","Network","(Specific","Model)",11,0.855,151700,312.115329717385,3830580,0.54,3503,"GCF_012367275.1"
"132","GCF_012367305.1_ASM1236730v1_genomic",100,0.14,"Neural","Network","(Specific","Model)",11,0.854,139207,313.364273204904,3765658,0.54,3426,"GCF_012367305.1"
"133","GCF_012367325.1_ASM1236732v1_genomic",100,0.44,"Neural","Network","(Specific","Model)",11,0.853,48358,306.649888143177,3847053,0.53,3576,"GCF_012367325.1"
"134","GCF_012367355.1_ASM1236735v1_genomic",100,0.14,"Neural","Network","(Specific","Model)",11,0.854,151716,312.746577337606,3765966,0.54,3433,"GCF_012367355.1"
"135","GCF_012367365.1_ASM1236736v1_genomic",100,0.44,"Neural","Network","(Specific","Model)",11,0.853,108722,309.228080067663,3848776,0.53,3547,"GCF_012367365.1"
"136","GCF_012367375.1_ASM1236737v1_genomic",100,0.13,"Neural","Network","(Specific","Model)",11,0.853,196146,313.6200643463,3763091,0.54,3419,"GCF_012367375.1"
"137","GCF_012367415.1_ASM1236741v1_genomic",100,0.81,"Neural","Network","(Specific","Model)",11,0.852,139249,309.916714042069,3832260,0.53,3518,"GCF_012367415.1"
"138","GCF_012367425.2_ASM1236742v1_genomic",100,0.34,"Neural","Network","(Specific","Model)",11,0.853,66182,307.072259136213,3896019,0.53,3612,"GCF_012367425.2_ASM1236742v1"
"139","GCF_012367455.1_ASM1236745v1_genomic",100,0.66,"Neural","Network","(Specific","Model)",11,0.852,67514,305.622414756847,3842113,0.53,3578,"GCF_012367455.1"
"140","GCF_012367475.1_ASM1236747v1_genomic",100,0.41,"Neural","Network","(Specific","Model)",11,0.852,135386,311.686618705036,3805381,0.53,3475,"GCF_012367475.1"
"141","GCF_012367485.1_ASM1236748v1_genomic",100,0.11,"Neural","Network","(Specific","Model)",11,0.853,145122,313.699883109293,3767466,0.54,3422,"GCF_012367485.1"
"142","GCF_012367495.1_ASM1236749v1_genomic",100,0.22,"Neural","Network","(Specific","Model)",11,0.852,193802,312.19400814427,3770616,0.53,3438,"GCF_012367495.1"
"143","GCF_012367535.1_ASM1236753v1_genomic",100,0.09,"Neural","Network","(Specific","Model)",11,0.854,157168,314.240858966918,3796731,0.54,3446,"GCF_012367535.1"
"144","GCF_012367545.1_ASM1236754v1_genomic",100,0.1,"Neural","Network","(Specific","Model)",11,0.852,137342,311.698583569405,3869563,0.54,3530,"GCF_012367545.1"
"145","GCF_012367575.1_ASM1236757v1_genomic",100,0.14,"Neural","Network","(Specific","Model)",11,0.854,196540,313.57840842598,3760055,0.54,3418,"GCF_012367575.1"
"146","GCF_012367585.1_ASM1236758v1_genomic",100,0.16,"Neural","Network","(Specific","Model)",11,0.852,138914,310.970336565887,3831231,0.53,3506,"GCF_012367585.1"
"147","GCF_012367595.1_ASM1236759v1_genomic",100,0.16,"Neural","Network","(Specific","Model)",11,0.853,141263,309.616835585586,3861895,0.53,3552,"GCF_012367595.1"
"148","GCF_012367615.1_ASM1236761v1_genomic",100,0.19,"Neural","Network","(Specific","Model)",11,0.853,157541,308.066555740433,3898094,0.53,3606,"GCF_012367615.1"
"149","GCF_012367655.1_ASM1236765v1_genomic",100,0.1,"Neural","Network","(Specific","Model)",11,0.852,109412,309.551880124399,3849547,0.53,3537,"GCF_012367655.1"
"150","GCF_012367675.1_ASM1236767v1_genomic",100,0.15,"Neural","Network","(Specific","Model)",11,0.855,53864,307.706726709823,3829237,0.53,3553,"GCF_012367675.1"
"151","GCF_012367685.1_ASM1236768v1_genomic",100,0.16,"Neural","Network","(Specific","Model)",11,0.854,88566,309.431856899489,3820418,0.54,3522,"GCF_012367685.1"
"152","GCF_012367695.2_ASM1236769v1_genomic",100,0.14,"Neural","Network","(Specific","Model)",11,0.855,135675,311.832239657632,3829893,0.53,3505,"GCF_012367695.2_ASM1236769v1"
"153","GCF_012367705.1_ASM1236770v1_genomic",100,0.16,"Neural","Network","(Specific","Model)",11,0.854,135675,311.830813124108,3833161,0.54,3505,"GCF_012367705.1"
"154","GCF_012367755.1_ASM1236775v1_genomic",100,0.09,"Neural","Network","(Specific","Model)",11,0.852,135628,314.044255568581,3764808,0.54,3412,"GCF_012367755.1"
"155","GCF_012367775.1_ASM1236777v1_genomic",100,0.13,"Neural","Network","(Specific","Model)",11,0.854,184449,313.971035693388,3764686,0.54,3418,"GCF_012367775.1"
"156","GCF_012367795.1_ASM1236779v1_genomic",100,0.12,"Neural","Network","(Specific","Model)",11,0.854,147878,311.393714285714,3819515,0.54,3500,"GCF_012367795.1"
"157","GCF_012367805.1_ASM1236780v1_genomic",100,0.12,"Neural","Network","(Specific","Model)",11,0.854,151698,314.007908611599,3761459,0.54,3414,"GCF_012367805.1"
"158","GCF_012367815.1_ASM1236781v1_genomic",100,0.13,"Neural","Network","(Specific","Model)",11,0.852,63882,310.748259860789,3764873,0.54,3448,"GCF_012367815.1"
"159","GCF_012367845.1_ASM1236784v1_genomic",100,0.14,"Neural","Network","(Specific","Model)",11,0.854,139249,313.457834840969,3766532,0.54,3427,"GCF_012367845.1"
"160","GCF_012367875.1_ASM1236787v1_genomic",100,0.15,"Neural","Network","(Specific","Model)",11,0.852,135796,311.506232294618,3866019,0.54,3530,"GCF_012367875.1"
"161","GCF_012367885.1_ASM1236788v1_genomic",100,0.15,"Neural","Network","(Specific","Model)",11,0.853,151675,313.526038619076,3760040,0.54,3418,"GCF_012367885.1"
"162","GCF_012367905.1_ASM1236790v1_genomic",100,0.14,"Neural","Network","(Specific","Model)",11,0.854,151708,314.142689715793,3761441,0.54,3413,"GCF_012367905.1"
"163","GCF_012367935.1_ASM1236793v1_genomic",100,0.1,"Neural","Network","(Specific","Model)",11,0.852,135628,310.902315076228,3870080,0.54,3542,"GCF_012367935.1"
"164","GCF_012367945.1_ASM1236794v1_genomic",100,0.15,"Neural","Network","(Specific","Model)",11,0.854,107485,312.680956547098,3759962,0.54,3429,"GCF_012367945.1"
"165","GCF_012367975.1_ASM1236797v1_genomic",100,0.14,"Neural","Network","(Specific","Model)",11,0.854,151669,314.087045720985,3757899,0.54,3412,"GCF_012367975.1"
"166","GCF_012367995.1_ASM1236799v1_genomic",100,0.12,"Neural","Network","(Specific","Model)",11,0.854,208496,313.862624487405,3757644,0.54,3414,"GCF_012367995.1"
"167","GCF_012368015.1_ASM1236801v1_genomic",100,0.13,"Neural","Network","(Specific","Model)",11,0.853,196540,312.922631121414,3789097,0.53,3451,"GCF_012368015.1"
"168","GCF_012368035.1_ASM1236803v1_genomic",100,0.1,"Neural","Network","(Specific","Model)",11,0.852,141840,314.094107299912,3765288,0.54,3411,"GCF_012368035.1"
"169","GCF_012368055.1_ASM1236805v1_genomic",100,0.14,"Neural","Network","(Specific","Model)",11,0.853,151680,314.299265785609,3755139,0.54,3405,"GCF_012368055.1"
"170","GCF_012368065.1_ASM1236806v1_genomic",100,0.15,"Neural","Network","(Specific","Model)",11,0.853,139197,314.284164222874,3761684,0.54,3410,"GCF_012368065.1"
"171","GCF_012368075.1_ASM1236807v1_genomic",100,0.13,"Neural","Network","(Specific","Model)",11,0.853,155571,314.027248754761,3762133,0.54,3413,"GCF_012368075.1"
"172","GCF_012368085.1_ASM1236808v1_genomic",100,0.16,"Neural","Network","(Specific","Model)",11,0.853,137337,314.447314352803,3759916,0.54,3407,"GCF_012368085.1"
"173","GCF_012368135.1_ASM1236813v1_genomic",100,0.14,"Neural","Network","(Specific","Model)",11,0.853,140619,314.010844079719,3760416,0.54,3412,"GCF_012368135.1"
"174","GCF_012368155.1_ASM1236815v1_genomic",100,0.09,"Neural","Network","(Specific","Model)",11,0.852,139487,313.875732708089,3765145,0.54,3412,"GCF_012368155.1"
"175","GCF_012368165.1_ASM1236816v1_genomic",100,0.09,"Neural","Network","(Specific","Model)",11,0.852,139367,314.83568489124,3764340,0.54,3402,"GCF_012368165.1"
"176","GCF_012368175.1_ASM1236817v1_genomic",100,0.09,"Neural","Network","(Specific","Model)",11,0.852,151127,312.84793814433,3842175,0.54,3492,"GCF_012368175.1"
"177","GCF_012368185.1_ASM1236818v1_genomic",100,0.1,"Neural","Network","(Specific","Model)",11,0.851,131506,311.598958333333,3787324,0.53,3456,"GCF_012368185.1"
"178","GCF_012368205.1_ASM1236820v1_genomic",100,0.09,"Neural","Network","(Specific","Model)",11,0.852,193938,314.182991202346,3765206,0.54,3410,"GCF_012368205.1"
"179","GCF_012368255.1_ASM1236825v1_genomic",100,0.1,"Neural","Network","(Specific","Model)",11,0.852,151658,313.380673499268,3762960,0.54,3415,"GCF_012368255.1"
"180","GCF_012368265.1_ASM1236826v1_genomic",100,0.07,"Neural","Network","(Specific","Model)",11,0.852,137332,313.756883421207,3763875,0.54,3414,"GCF_012368265.1"
"181","GCF_012368295.1_ASM1236829v1_genomic",100,0.08,"Neural","Network","(Specific","Model)",11,0.852,181616,315.034726309594,3763099,0.54,3398,"GCF_012368295.1"
"182","GCF_012368315.1_ASM1236831v1_genomic",100,0.15,"Neural","Network","(Specific","Model)",11,0.854,141934,314.069066432543,3763804,0.54,3417,"GCF_012368315.1"
"183","GCF_012368325.1_ASM1236832v1_genomic",100,0.13,"Neural","Network","(Specific","Model)",11,0.854,196459,314.230295927337,3763017,0.54,3413,"GCF_012368325.1"
"184","GCF_012368345.1_ASM1236834v1_genomic",100,0.08,"Neural","Network","(Specific","Model)",11,0.854,172401,314.365875109938,3761797,0.54,3411,"GCF_012368345.1"
"185","GCF_012368375.1_ASM1236837v1_genomic",100,0.1,"Neural","Network","(Specific","Model)",11,0.852,139387,314.822163433275,3764113,0.54,3402,"GCF_012368375.1"
"186","GCF_012371465.1_ASM1237146v1_genomic",100,0.1,"Neural","Network","(Specific","Model)",11,0.851,194212,314.213740458015,3764235,0.54,3406,"GCF_012371465.1"
"187","GCF_012371495.1_ASM1237149v1_genomic",100,0.11,"Neural","Network","(Specific","Model)",11,0.851,133827,310.327836224055,3841973,0.53,3517,"GCF_012371495.1"
"188","GCF_012371505.1_ASM1237150v1_genomic",100,0.15,"Neural","Network","(Specific","Model)",11,0.854,139244,313.536392867583,3762414,0.54,3421,"GCF_012371505.1"
"189","GCF_012371555.1_ASM1237155v1_genomic",100,0.12,"Neural","Network","(Specific","Model)",11,0.851,129428,309.674578209894,3812388,0.53,3497,"GCF_012371555.1"
"190","GCF_012371565.1_ASM1237156v1_genomic",100,0.16,"Neural","Network","(Specific","Model)",11,0.853,155857,314.170137870343,3758231,0.54,3409,"GCF_012371565.1"
"191","GCF_012371575.1_ASM1237157v1_genomic",100,0.15,"Neural","Network","(Specific","Model)",11,0.854,151672,313.139229422067,3763356,0.54,3426,"GCF_012371575.1"
"192","GCF_012371585.1_ASM1237158v1_genomic",100,0.13,"Neural","Network","(Specific","Model)",11,0.853,141823,313.900204858063,3763841,0.54,3417,"GCF_012371585.1"
"193","GCF_012371615.1_ASM1237161v1_genomic",100,0.36,"Neural","Network","(Specific","Model)",11,0.852,136676,310.39833906071,3808694,0.53,3492,"GCF_012371615.1"
"194","GCF_012371655.1_ASM1237165v1_genomic",100,0.13,"Neural","Network","(Specific","Model)",11,0.851,172061,312.423457508731,3776817,0.53,3436,"GCF_012371655.1"
"195","GCF_012371665.2_ASM1237166v1_genomic",100,0.32,"Neural","Network","(Specific","Model)",11,0.853,110646,306.040440165062,3903890,0.53,3635,"GCF_012371665.2_ASM1237166v1"
"196","GCF_012371675.1_ASM1237167v1_genomic",100,0.14,"Neural","Network","(Specific","Model)",11,0.854,139269,313.558574349985,3765359,0.54,3423,"GCF_012371675.1"
"197","GCF_012371685.1_ASM1237168v1_genomic",100,0.15,"Neural","Network","(Specific","Model)",11,0.854,151682,313.720175438596,3763583,0.54,3420,"GCF_012371685.1"
"198","GCF_012371695.1_ASM1237169v1_genomic",100,0.14,"Neural","Network","(Specific","Model)",11,0.853,143089,313.500292397661,3762284,0.54,3420,"GCF_012371695.1"
"199","GCF_012371755.1_ASM1237175v1_genomic",100,0.2,"Neural","Network","(Specific","Model)",11,0.853,151033,308.440539780714,3852410,0.53,3557,"GCF_012371755.1"
"200","GCF_012371765.1_ASM1237176v1_genomic",100,0.14,"Neural","Network","(Specific","Model)",11,0.854,149161,314.47539543058,3765325,0.54,3414,"GCF_012371765.1"
"201","GCF_012371775.1_ASM1237177v1_genomic",100,0.09,"Neural","Network","(Specific","Model)",11,0.851,168527,309.809510331163,3850828,0.53,3533,"GCF_012371775.1"
"202","GCF_012371795.1_ASM1237179v1_genomic",100,0.13,"Neural","Network","(Specific","Model)",11,0.853,141845,313.448991522947,3762558,0.54,3421,"GCF_012371795.1"
"203","GCF_012371815.1_ASM1237181v1_genomic",100,0.68,"Neural","Network","(Specific","Model)",11,0.852,139371,308.648785996612,3841051,0.53,3542,"GCF_012371815.1"
"204","GCF_012371855.1_ASM1237185v1_genomic",100,0.14,"Neural","Network","(Specific","Model)",11,0.852,180898,314.153372434018,3764305,0.54,3410,"GCF_012371855.1"
"205","GCF_012371865.1_ASM1237186v1_genomic",100,0.14,"Neural","Network","(Specific","Model)",11,0.854,151687,312.369819948557,3833507,0.54,3499,"GCF_012371865.1"
"206","GCF_012371885.1_ASM1237188v1_genomic",100,0.1,"Neural","Network","(Specific","Model)",11,0.852,155547,309.994370954123,3870074,0.53,3553,"GCF_012371885.1"
"207","GCF_012371915.1_ASM1237191v1_genomic",100,0.15,"Neural","Network","(Specific","Model)",11,0.854,141885,313.670656934307,3765594,0.54,3425,"GCF_012371915.1"
"208","GCF_012980765.1_ASM1298076v1_genomic",100,0.14,"Neural","Network","(Specific","Model)",11,0.847,3803601,316.906752411576,3831860,0.54,3421,"GCF_012980765.1"
"209","GCF_012980785.1_ASM1298078v1_genomic",100,0.14,"Neural","Network","(Specific","Model)",11,0.847,3804074,317.079555425563,3832333,0.54,3419,"GCF_012980785.1"
"210","GCF_012980805.1_ASM1298080v1_genomic",100,0.13,"Neural","Network","(Specific","Model)",11,0.847,3803872,317.051184556888,3832131,0.54,3419,"GCF_012980805.1"
"211","GCF_012980825.1_ASM1298082v1_genomic",100,0.14,"Neural","Network","(Specific","Model)",11,0.847,3804073,316.97865497076,3832332,0.54,3420,"GCF_012980825.1"
"212","GCF_012980845.1_ASM1298084v1_genomic",100,0.14,"Neural","Network","(Specific","Model)",11,0.847,3804074,317.079555425563,3832333,0.54,3419,"GCF_012980845.1"
"213","GCF_013074405.1_ASM1307440v1_genomic",100,0.03,"Neural","Network","(Specific","Model)",11,0.881,636770,317.102279484638,5440781,0.54,5045,"GCF_013074405.1"
"214","GCF_013375015.1_ASM1337501v1_genomic",100,0.12,"Neural","Network","(Specific","Model)",11,0.846,3804041,313.423900462963,3832329,0.54,3456,"GCF_013375015.1"
"215","GCF_014155785.1_ASM1415578v1_genomic",100,0.27,"Neural","Network","(Specific","Model)",11,0.861,172287,318.171686746988,4044246,0.5,3652,"GCF_014155785.1"
"216","GCF_014357465.1_ASM1435746v1_genomic",100,0.71,"Neural","Network","(Specific","Model)",11,0.88,575008,318.752106430155,4891611,0.55,4510,"GCF_014357465.1"
"217","GCF_014773485.1_ASM1477348v1_genomic",100,9.69,"Neural","Network","(Specific","Model)",11,0.88,575283,324.887616165982,5118043,0.57,4627,"GCF_014773485.1"
"218","GCF_014838825.1_ASM1483882v1_genomic",100,0.13,"Neural","Network","(Specific","Model)",11,0.881,512428,320.801043557169,4806053,0.56,4408,"GCF_014838825.1"
"219","GCF_014838835.1_ASM1483883v1_genomic",100,0.45,"Neural","Network","(Specific","Model)",11,0.881,446674,313.748653128885,5148964,0.55,4826,"GCF_014838835.1"
"220","GCF_014839105.1_ASM1483910v1_genomic",100,0.12,"Neural","Network","(Specific","Model)",11,0.879,471097,316.539647577093,4897238,0.56,4540,"GCF_014839105.1"
"221","GCF_014839215.1_ASM1483921v1_genomic",100,0.71,"Neural","Network","(Specific","Model)",11,0.876,237162,308.388888888889,5182457,0.55,4914,"GCF_014839215.1"
"222","GCF_014839305.1_ASM1483930v1_genomic",100,0.84,"Neural","Network","(Specific","Model)",11,0.876,237162,308.205122992478,5183088,0.55,4919,"GCF_014839305.1"
"223","GCF_015650045.1_ASM1565004v1_genomic",100,0.14,"Neural","Network","(Specific","Model)",11,0.847,3807330,317.382275519158,3835589,0.54,3419,"GCF_015650045.1"
"224","GCF_016446415.2_ASM1644641v2_genomic",100,0.14,"Neural","Network","(Specific","Model)",11,0.848,3796950,316.083771161705,3825209,0.54,3426,"GCF_016446415.2_ASM1644641v2_genomic/quality_report.tsv"
"225","GCF_016624545.1_S38_genomic",99.98,2.8,"Neural","Network","(Specific","Model)",11,0.87,195743,317.548291233284,5889904,0.55,5384,"GCF_016624545.1"
"226","GCF_016624745.1_S43_genomic",99.99,2.47,"Neural","Network","(Specific","Model)",11,0.87,190707,319.779220779221,5849522,0.55,5313,"GCF_016624745.1"
"227","GCF_016632325.1_ASM1663232v1_genomic",100,0.06,"Neural","Network","(Specific","Model)",11,0.885,255872,322.140681193146,5156140,0.54,4727,"GCF_016632325.1"
"228","GCF_016909495.1_ASM1690949v1_genomic",100,1.04,"Neural","Network","(Specific","Model)",11,0.876,863667,325.255088195387,5740494,0.55,5159,"GCF_016909495.1"
"229","GCF_017161545.1_ASM1716154v1_genomic",100,0.14,"Neural","Network","(Specific","Model)",11,0.847,3804074,316.288422280548,3832439,0.54,3429,"GCF_017161545.1"
"230","GCF_017161565.1_ASM1716156v1_genomic",100,0.13,"Neural","Network","(Specific","Model)",11,0.846,3807395,314.075920023182,3835776,0.54,3451,"GCF_017161565.1"
"231","GCF_017168115.1_ASM1716811v1_genomic",100,0.28,"Neural","Network","(Specific","Model)",11,0.872,702483,314.907856849033,5258862,0.55,4862,"GCF_017168115.1"
"232","GCF_017875455.1_ASM1787545v1_genomic",100,0.14,"Neural","Network","(Specific","Model)",11,0.874,5248860,311.255768478686,5453750,0.54,5114,"GCF_017875455.1"
"233","GCF_018141005.1_ASM1814100v1_genomic",100,0.16,"Neural","Network","(Specific","Model)",11,0.856,4842717,322.540174672489,5168686,0.59,4580,"GCF_018141005.1"
"234","GCF_018326325.1_ASM1832632v1_genomic",100,0.16,"Neural","Network","(Specific","Model)",11,0.87,5166808,306.094321084692,5359651,0.54,5089,"GCF_018326325.1"
"235","GCF_018326345.1_ASM1832634v1_genomic",99.91,2.88,"Neural","Network","(Specific","Model)",11,0.864,5094948,279.761384672344,5230465,0.54,5402,"GCF_018326345.1"
"236","GCF_018409035.1_ASM1840903v1_genomic",100,0.08,"Neural","Network","(Specific","Model)",11,0.875,5097023,321.586453512831,5232940,0.54,4754,"GCF_018409035.1"
"237","GCF_019132875.1_ASM1913287v1_genomic",100,0.27,"Neural","Network","(Specific","Model)",11,0.872,413798,321.346781716418,4731600,0.54,4288,"GCF_019132875.1"
"238","GCF_019844095.1_ASM1984409v1_genomic",100,0.54,"Neural","Network","(Specific","Model)",11,0.877,4664605,319.790359254206,4802925,0.56,4398,"GCF_019844095.1"
"239","GCF_019967055.1_ASM1996705v1_genomic",100,0.25,"Neural","Network","(Specific","Model)",11,0.853,156483,304.555711479091,3809571,0.54,3563,"GCF_019967055.1"
"240","GCF_019967065.1_ASM1996706v1_genomic",100,0.23,"Neural","Network","(Specific","Model)",11,0.853,276629,312.320081253627,3780497,0.54,3446,"GCF_019967065.1"
"241","GCF_019967075.1_ASM1996707v1_genomic",100,0.59,"Neural","Network","(Specific","Model)",11,0.853,208355,315.153597650514,3769075,0.54,3405,"GCF_019967075.1"
"242","GCF_019967115.1_ASM1996711v1_genomic",100,0.2,"Neural","Network","(Specific","Model)",11,0.854,172997,308.283599088838,3798735,0.54,3512,"GCF_019967115.1"
"243","GCF_020428355.1_ASM2042835v1_genomic",100,0.44,"Neural","Network","(Specific","Model)",11,0.85,2187969,308.42567927544,4079064,0.53,3754,"GCF_020428355.1"
"244","GCF_020544325.1_ASM2054432v1_genomic",100,0.12,"Neural","Network","(Specific","Model)",11,0.847,3890965,314.040924276169,3988498,0.53,3592,"GCF_020544325.1"
"245","GCF_020546585.1_ASM2054658v1_genomic",100,0.06,"Neural","Network","(Specific","Model)",11,0.847,3878355,314.543637387387,3950144,0.54,3552,"GCF_020546585.1"
"246","GCF_020546605.1_ASM2054660v1_genomic",100,0.14,"Neural","Network","(Specific","Model)",11,0.847,3883144,313.740325294448,3954918,0.53,3566,"GCF_020546605.1"
"247","GCF_020683125.1_ASM2068312v1_genomic",100,0.07,"Neural","Network","(Specific","Model)",11,0.875,5057383,319.431173231681,5164665,0.54,4722,"GCF_020683125.1"
"248","GCF_020882215.1_ASM2088221v1_genomic",100,0.07,"Neural","Network","(Specific","Model)",11,0.847,3889090,314.548006737788,3960850,0.53,3562,"GCF_020882215.1"
"249","GCF_021365465.1_ASM2136546v1_genomic",100,0.23,"Neural","Network","(Specific","Model)",11,0.809,4920713,248.693832191146,4958521,0.51,5399,"GCF_021365465.1"
"250","GCF_021365485.1_ASM2136548v1_genomic",100,0.49,"Neural","Network","(Specific","Model)",11,0.807,4815509,244.595051846462,4974774,0.5,5497,"GCF_021365485.1"
"251","GCF_021365505.1_ASM2136550v1_genomic",100,0.35,"Neural","Network","(Specific","Model)",11,0.809,4938018,245.556040756914,4978853,0.51,5496,"GCF_021365505.1"
"252","GCF_021365535.1_ASM2136553v1_genomic",100,0.49,"Neural","Network","(Specific","Model)",11,0.808,4874086,243.209037537805,5054064,0.5,5621,"GCF_021365535.1"
"253","GCF_022647505.1_ASM2264750v1_genomic",100,0.17,"Neural","Network","(Specific","Model)",11,0.853,4107390,319.554644808743,4107390,0.5,3660,"GCF_022647505.1"
"254","GCF_022811485.1_ASM2281148v1_genomic",100,0.08,"Neural","Network","(Specific","Model)",11,0.847,3876962,314.782694475761,3948787,0.54,3548,"GCF_022811485.1"
"255","GCF_023182875.1_ASM2318287v1_genomic",100,0.13,"Neural","Network","(Specific","Model)",11,0.851,427505,311.122560275545,3812751,0.54,3484,"GCF_023182875.1"
"256","GCF_023182895.1_ASM2318289v1_genomic",100,0.26,"Neural","Network","(Specific","Model)",11,0.852,429109,311.965447739706,3808696,0.54,3473,"GCF_023182895.1"
"257","GCF_023182905.1_ASM2318290v1_genomic",100,0.13,"Neural","Network","(Specific","Model)",11,0.851,429748,310.504579278764,3816202,0.54,3494,"GCF_023182905.1"
"258","GCF_023182935.1_ASM2318293v1_genomic",100,0.2,"Neural","Network","(Specific","Model)",11,0.851,427511,311.727691421992,3809288,0.54,3474,"GCF_023182935.1"
"259","GCF_023182945.1_ASM2318294v1_genomic",100,0.12,"Neural","Network","(Specific","Model)",11,0.852,427505,313.444476659901,3800710,0.54,3449,"GCF_023182945.1"
"260","GCF_023182975.1_ASM2318297v1_genomic",100,0.13,"Neural","Network","(Specific","Model)",11,0.851,387178,311.996831797235,3810314,0.54,3472,"GCF_023182975.1"
"261","GCF_023182995.1_ASM2318299v1_genomic",100,0.15,"Neural","Network","(Specific","Model)",11,0.851,429328,311.443645773433,3810400,0.54,3478,"GCF_023182995.1"
"262","GCF_023183015.1_ASM2318301v1_genomic",100,0.15,"Neural","Network","(Specific","Model)",11,0.851,429536,310.57580968759,3812183,0.54,3489,"GCF_023183015.1"
"263","GCF_023183025.1_ASM2318302v1_genomic",100,0.15,"Neural","Network","(Specific","Model)",11,0.851,429346,309.585685771315,3821868,0.54,3507,"GCF_023183025.1"
"264","GCF_023183035.1_ASM2318303v1_genomic",100,1.04,"Neural","Network","(Specific","Model)",11,0.852,359899,311.647956246402,3807206,0.54,3474,"GCF_023183035.1"
"265","GCF_023183075.1_ASM2318307v1_genomic",100,0.15,"Neural","Network","(Specific","Model)",11,0.852,429755,311.640782283578,3809553,0.54,3477,"GCF_023183075.1"
"266","GCF_023183085.1_ASM2318308v1_genomic",100,0.15,"Neural","Network","(Specific","Model)",11,0.852,429743,309.381767180926,3877594,0.54,3565,"GCF_023183085.1"
"267","GCF_023183115.1_ASM2318311v1_genomic",100,0.16,"Neural","Network","(Specific","Model)",11,0.852,429334,311.722049249929,3869220,0.54,3533,"GCF_023183115.1"
"268","GCF_023183135.1_ASM2318313v1_genomic",100,0.13,"Neural","Network","(Specific","Model)",11,0.852,429737,311.678848920863,3808374,0.54,3475,"GCF_023183135.1"
"269","GCF_023183155.1_ASM2318315v1_genomic",100,0.27,"Neural","Network","(Specific","Model)",11,0.851,429292,308.730651019838,3886046,0.54,3579,"GCF_023183155.1"
"270","GCF_023183175.1_ASM2318317v1_genomic",100,0.15,"Neural","Network","(Specific","Model)",11,0.852,429637,309.465377067564,3880643,0.54,3567,"GCF_023183175.1"
"271","GCF_023183195.1_ASM2318319v1_genomic",100,0.17,"Neural","Network","(Specific","Model)",11,0.852,429754,310.886882933709,3871595,0.54,3545,"GCF_023183195.1"
"272","GCF_023183215.1_ASM2318321v1_genomic",100,0.15,"Neural","Network","(Specific","Model)",11,0.852,429755,311.569744032212,3807735,0.54,3477,"GCF_023183215.1"
"273","GCF_023183225.1_ASM2318322v1_genomic",100,0.14,"Neural","Network","(Specific","Model)",11,0.852,427487,310.82910321489,3873716,0.54,3546,"GCF_023183225.1"
"274","GCF_023183245.1_ASM2318324v1_genomic",100,0.39,"Neural","Network","(Specific","Model)",11,0.852,427274,310.190208216095,3874453,0.54,3554,"GCF_023183245.1"
"275","GCF_023183275.1_ASM2318327v1_genomic",100,0.13,"Neural","Network","(Specific","Model)",11,0.852,427505,309.98627787307,3811100,0.54,3498,"GCF_023183275.1"
"276","GCF_023183285.1_ASM2318328v1_genomic",100,0.14,"Neural","Network","(Specific","Model)",11,0.852,429334,310.258790436006,3875317,0.54,3555,"GCF_023183285.1"
"277","GCF_023183295.1_ASM2318329v1_genomic",100,0.35,"Neural","Network","(Specific","Model)",11,0.851,429334,310.62363740677,3811769,0.54,3486,"GCF_023183295.1"
"278","GCF_023183315.1_ASM2318331v1_genomic",100,0.15,"Neural","Network","(Specific","Model)",11,0.851,429755,311.302298850575,3812338,0.54,3480,"GCF_023183315.1"
"279","GCF_023183355.1_ASM2318335v1_genomic",100,0.14,"Neural","Network","(Specific","Model)",11,0.851,429754,307.897733711048,3825260,0.54,3530,"GCF_023183355.1"
"280","GCF_023183375.1_ASM2318337v1_genomic",100,0.15,"Neural","Network","(Specific","Model)",11,0.851,429419,310.466227819119,3815262,0.54,3494,"GCF_023183375.1"
"281","GCF_023183385.1_ASM2318338v1_genomic",100,0.15,"Neural","Network","(Specific","Model)",11,0.852,429234,309.91800056164,3878260,0.54,3561,"GCF_023183385.1"
"282","GCF_023183415.1_ASM2318341v1_genomic",100,0.16,"Neural","Network","(Specific","Model)",11,0.852,429346,310.519290340749,3877402,0.54,3551,"GCF_023183415.1"
"283","GCF_023183425.1_ASM2318342v1_genomic",100,0.13,"Neural","Network","(Specific","Model)",11,0.851,433341,312.748843930636,3806115,0.54,3460,"GCF_023183425.1"
"284","GCF_023183455.1_ASM2318345v1_genomic",100,0.12,"Neural","Network","(Specific","Model)",11,0.852,427560,312.893001735107,3803698,0.54,3458,"GCF_023183455.1"
"285","GCF_023183475.1_ASM2318347v1_genomic",100,0.18,"Neural","Network","(Specific","Model)",11,0.852,429737,309.074551569507,3876550,0.54,3568,"GCF_023183475.1"
"286","GCF_023183495.1_ASM2318349v1_genomic",100,0.15,"Neural","Network","(Specific","Model)",11,0.852,427487,311.363276836158,3874285,0.54,3540,"GCF_023183495.1"
"287","GCF_023183505.1_ASM2318350v1_genomic",100,0.16,"Neural","Network","(Specific","Model)",11,0.852,429737,312.38983532084,3867662,0.54,3522,"GCF_023183505.1"
"288","GCF_023183535.1_ASM2318353v1_genomic",100,0.21,"Neural","Network","(Specific","Model)",11,0.852,429854,310.73365276212,3875702,0.54,3548,"GCF_023183535.1"
"289","GCF_023183555.1_ASM2318355v1_genomic",100,0.13,"Neural","Network","(Specific","Model)",11,0.852,429377,312.726878612717,3803867,0.54,3460,"GCF_023183555.1"
"290","GCF_023183575.1_ASM2318357v1_genomic",100,0.13,"Neural","Network","(Specific","Model)",11,0.852,427505,310.509012875536,3813393,0.54,3495,"GCF_023183575.1"
"291","GCF_023183595.1_ASM2318359v1_genomic",100,0.13,"Neural","Network","(Specific","Model)",11,0.852,429254,313.047439976859,3805186,0.54,3457,"GCF_023183595.1"
"292","GCF_023183605.1_ASM2318360v1_genomic",100,0.15,"Neural","Network","(Specific","Model)",11,0.852,429755,310.525064451447,3811712,0.54,3491,"GCF_023183605.1"
"293","GCF_023183635.1_ASM2318363v1_genomic",100,0.15,"Neural","Network","(Specific","Model)",11,0.852,387898,310.773265651438,3873287,0.54,3546,"GCF_023183635.1"
"294","GCF_023183645.1_ASM2318364v1_genomic",100,0.12,"Neural","Network","(Specific","Model)",11,0.851,427505,311.817684331797,3809257,0.54,3472,"GCF_023183645.1"
"295","GCF_023183675.1_ASM2318367v1_genomic",100,0.13,"Neural","Network","(Specific","Model)",11,0.852,429530,312.103488036898,3806422,0.54,3469,"GCF_023183675.1"
"296","GCF_023183685.1_ASM2318368v1_genomic",100,0.13,"Neural","Network","(Specific","Model)",11,0.851,429755,311.23428079242,3812842,0.54,3483,"GCF_023183685.1"
"297","GCF_023183715.1_ASM2318371v1_genomic",100,0.14,"Neural","Network","(Specific","Model)",11,0.851,427487,309.742351950603,3881762,0.54,3563,"GCF_023183715.1"
"298","GCF_023183725.1_ASM2318372v1_genomic",100,0.17,"Neural","Network","(Specific","Model)",11,0.852,429749,310.102080989876,3873754,0.54,3556,"GCF_023183725.1"
"299","GCF_023183755.1_ASM2318375v1_genomic",100,0.13,"Neural","Network","(Specific","Model)",11,0.851,429006,312.370455856896,3808839,0.54,3466,"GCF_023183755.1"
"300","GCF_023183775.1_ASM2318377v1_genomic",100,0.17,"Neural","Network","(Specific","Model)",11,0.852,427487,308.57344789357,3912219,0.53,3608,"GCF_023183775.1"
"301","GCF_023183795.1_ASM2318379v1_genomic",100,0.15,"Neural","Network","(Specific","Model)",11,0.852,429713,309.2484348321,3820850,0.54,3514,"GCF_023183795.1"
"302","GCF_023183805.1_ASM2318380v1_genomic",100,0.41,"Neural","Network","(Specific","Model)",11,0.851,427505,310.506872852234,3814381,0.54,3492,"GCF_023183805.1"
"303","GCF_023183815.1_ASM2318381v1_genomic",100,0.15,"Neural","Network","(Specific","Model)",11,0.852,429737,311.736469254746,3867640,0.54,3529,"GCF_023183815.1"
"304","GCF_023183825.1_ASM2318382v1_genomic",100,0.13,"Neural","Network","(Specific","Model)",11,0.852,427463,311.411663315139,3808806,0.54,3481,"GCF_023183825.1"
"305","GCF_023183855.1_ASM2318385v1_genomic",100,0.16,"Neural","Network","(Specific","Model)",11,0.852,429595,310.278890160183,3812896,0.54,3496,"GCF_023183855.1"
"306","GCF_023183895.1_ASM2318389v1_genomic",100,0.12,"Neural","Network","(Specific","Model)",11,0.851,427262,311.771223021583,3810952,0.54,3475,"GCF_023183895.1"
"307","GCF_023183905.1_ASM2318390v1_genomic",100,0.17,"Neural","Network","(Specific","Model)",11,0.85,435706,307.718325791855,3832179,0.54,3536,"GCF_023183905.1"
"308","GCF_023183915.1_ASM2318391v1_genomic",100,0.17,"Neural","Network","(Specific","Model)",11,0.85,428982,301.188429305218,3924031,0.53,3699,"GCF_023183915.1"
"309","GCF_023183945.1_ASM2318394v1_genomic",100,0.26,"Neural","Network","(Specific","Model)",11,0.85,429512,296.940254912374,3940269,0.53,3766,"GCF_023183945.1"
"310","GCF_023183975.1_ASM2318397v1_genomic",100,0.6,"Neural","Network","(Specific","Model)",11,0.851,435856,303.580530489472,3908088,0.53,3657,"GCF_023183975.1"
"311","GCF_023183995.1_ASM2318399v1_genomic",100,0.15,"Neural","Network","(Specific","Model)",11,0.852,429695,309.587773415592,3882115,0.54,3566,"GCF_023183995.1"
"312","GCF_023184005.1_ASM2318400v1_genomic",100,0.14,"Neural","Network","(Specific","Model)",11,0.851,429231,311.801092267893,3816232,0.54,3479,"GCF_023184005.1"
"313","GCF_023184035.1_ASM2318403v1_genomic",100,0.13,"Neural","Network","(Specific","Model)",11,0.851,427870,313.375506658946,3807813,0.54,3454,"GCF_023184035.1"
"314","GCF_023184045.1_ASM2318404v1_genomic",100,0.52,"Neural","Network","(Specific","Model)",11,0.852,429292,307.895188053097,3914987,0.53,3616,"GCF_023184045.1"
"315","GCF_023184065.1_ASM2318406v1_genomic",100,0.13,"Neural","Network","(Specific","Model)",11,0.851,429334,312.728847819809,3811308,0.54,3463,"GCF_023184065.1"
"316","GCF_023184095.1_ASM2318409v1_genomic",100,0.14,"Neural","Network","(Specific","Model)",11,0.852,428940,308.608206857785,3860165,0.53,3558,"GCF_023184095.1"
"317","GCF_023184115.1_ASM2318411v1_genomic",100,0.15,"Neural","Network","(Specific","Model)",11,0.851,435815,306.951510113605,3898330,0.54,3609,"GCF_023184115.1"
"318","GCF_023184135.1_ASM2318413v1_genomic",100,0.18,"Neural","Network","(Specific","Model)",11,0.851,429334,304.476543209877,3903530,0.54,3645,"GCF_023184135.1"
"319","GCF_023184145.1_ASM2318414v1_genomic",100,0.19,"Neural","Network","(Specific","Model)",11,0.851,429304,308.376674107143,3889532,0.54,3584,"GCF_023184145.1"
"320","GCF_023184165.1_ASM2318416v1_genomic",100,0.14,"Neural","Network","(Specific","Model)",11,0.852,429695,310.140589569161,3846490,0.53,3528,"GCF_023184165.1"
"321","GCF_023184195.1_ASM2318419v1_genomic",100,1.1,"Neural","Network","(Specific","Model)",11,0.85,597279,308.439085586841,3895639,0.53,3587,"GCF_023184195.1"
"322","GCF_023184215.1_ASM2318421v1_genomic",100,0.15,"Neural","Network","(Specific","Model)",11,0.851,596191,310.060937938781,3883667,0.54,3561,"GCF_023184215.1"
"323","GCF_023184225.1_ASM2318422v1_genomic",100,0.13,"Neural","Network","(Specific","Model)",11,0.85,429089,310.108030865962,3820617,0.54,3499,"GCF_023184225.1"
"324","GCF_023184255.1_ASM2318425v1_genomic",100,0.15,"Neural","Network","(Specific","Model)",11,0.852,427487,311.905692438403,3871619,0.54,3531,"GCF_023184255.1"
"325","GCF_023184275.1_ASM2318427v1_genomic",100,0.14,"Neural","Network","(Specific","Model)",11,0.851,429334,311.233132357163,3813881,0.54,3483,"GCF_023184275.1"
"326","GCF_023184285.1_ASM2318428v1_genomic",100,0.15,"Neural","Network","(Specific","Model)",11,0.852,429695,310.090168539326,3879641,0.54,3560,"GCF_023184285.1"
"327","GCF_023184295.1_ASM2318429v1_genomic",100,0.35,"Neural","Network","(Specific","Model)",11,0.853,430138,311.872274143302,3867297,0.54,3531,"GCF_023184295.1"
"328","GCF_023184335.1_ASM2318433v1_genomic",100,0.19,"Neural","Network","(Specific","Model)",11,0.851,427421,310.902679830748,3875814,0.54,3545,"GCF_023184335.1"
"329","GCF_023184355.1_ASM2318435v1_genomic",100,0.14,"Neural","Network","(Specific","Model)",11,0.851,427487,312.170225043278,3805938,0.54,3466,"GCF_023184355.1"
"330","GCF_023184375.1_ASM2318437v1_genomic",100,0.17,"Neural","Network","(Specific","Model)",11,0.852,429234,309.65115631095,3904074,0.53,3589,"GCF_023184375.1"
"331","GCF_023184385.1_ASM2318438v1_genomic",100,0.14,"Neural","Network","(Specific","Model)",11,0.852,427445,311.732238890461,3871841,0.54,3533,"GCF_023184385.1"
"332","GCF_023184415.1_ASM2318441v1_genomic",100,0.16,"Neural","Network","(Specific","Model)",11,0.851,429695,309.310257134784,3849510,0.53,3539,"GCF_023184415.1"
"333","GCF_023184435.1_ASM2318443v1_genomic",100,0.23,"Neural","Network","(Specific","Model)",11,0.852,427345,311.018640665328,3813938,0.54,3487,"GCF_023184435.1"
"334","GCF_023184455.1_ASM2318445v1_genomic",100,0.14,"Neural","Network","(Specific","Model)",11,0.851,429737,307.19994461368,3904792,0.53,3611,"GCF_023184455.1"
"335","GCF_023184475.1_ASM2318447v1_genomic",100,0.18,"Neural","Network","(Specific","Model)",11,0.852,599290,308.957511802277,3908030,0.53,3601,"GCF_023184475.1"
"336","GCF_023184495.1_ASM2318449v1_genomic",100,0.15,"Neural","Network","(Specific","Model)",11,0.852,427487,310.843811671835,3874173,0.54,3547,"GCF_023184495.1"
"337","GCF_023612655.1_ASM2361265v1_genomic",100,0.12,"Neural","Network","(Specific","Model)",11,0.849,3804067,317.823408018868,3804067,0.54,3392,"GCF_023612655.1"
"338","GCF_023612675.1_ASM2361267v1_genomic",100,0.13,"Neural","Network","(Specific","Model)",11,0.849,3803962,317.78508254717,3803962,0.54,3392,"GCF_023612675.1"
"339","GCF_023612695.1_ASM2361269v1_genomic",100,0.12,"Neural","Network","(Specific","Model)",11,0.849,3804022,317.733785377359,3804022,0.54,3392,"GCF_023612695.1"
"340","GCF_023612715.1_ASM2361271v1_genomic",100,0.12,"Neural","Network","(Specific","Model)",11,0.849,3804070,317.512661955241,3804070,0.54,3396,"GCF_023612715.1"
"341","GCF_023612755.1_ASM2361275v1_genomic",100,0.12,"Neural","Network","(Specific","Model)",11,0.849,3804044,317.676392572944,3804044,0.54,3393,"GCF_023612755.1"
"342","GCF_023612775.1_ASM2361277v1_genomic",100,0.12,"Neural","Network","(Specific","Model)",11,0.848,3804066,317.717570754717,3804066,0.54,3392,"GCF_023612775.1"
"343","GCF_023612795.1_ASM2361279v1_genomic",100,0.12,"Neural","Network","(Specific","Model)",11,0.849,3801811,317.747492625369,3801811,0.54,3390,"GCF_023612795.1"
"344","GCF_024168495.1_ASM2416849v1_genomic",100,0.08,"Neural","Network","(Specific","Model)",11,0.857,4635459,317.980118343195,4695222,0.56,4225,"GCF_024168495.1"
"345","GCF_024169515.1_ASM2416951v1_genomic",100,0.05,"Neural","Network","(Specific","Model)",11,0.872,4737076,322.442497753818,4929485,0.57,4452,"GCF_024169515.1"
"346","GCF_024397315.1_ASM2439731v1_genomic",100,0.46,"Neural","Network","(Specific","Model)",11,0.877,4733307,320.973589973142,4898418,0.55,4468,"GCF_024397315.1"
"347","GCF_024436235.1_ASM2443623v1_genomic",100,0.64,"Neural","Network","(Specific","Model)",11,0.882,151562,319.138629283489,4869257,0.55,4494,"GCF_024436235.1"
"348","GCF_024436265.1_ASM2443626v1_genomic",100,0.57,"Neural","Network","(Specific","Model)",11,0.883,433883,322.668033720665,4804431,0.56,4389,"GCF_024436265.1"
"349","GCF_024436315.1_ASM2443631v1_genomic",100,0.57,"Neural","Network","(Specific","Model)",11,0.883,438148,322.730523917995,4805994,0.56,4390,"GCF_024436315.1"
"350","GCF_024807835.1_ASM2480783v1_genomic",100,0.05,"Neural","Network","(Specific","Model)",11,0.882,609842,321.415773508595,5399478,0.54,4945,"GCF_024807835.1"
"351","GCF_025153555.1_ASM2515355v1_genomic",100,0.2,"Neural","Network","(Specific","Model)",11,0.85,2695434,301.795159680639,4258393,0.53,4008,"GCF_025153555.1"
"352","GCF_025158995.1_ASM2515899v1_genomic",100,0.47,"Neural","Network","(Specific","Model)",11,0.85,4101577,306.807993730408,4136229,0.53,3828,"GCF_025158995.1"
"353","GCF_025159015.1_ASM2515901v1_genomic",100,0.19,"Neural","Network","(Specific","Model)",11,0.851,4107700,306.404216553878,4142368,0.53,3842,"GCF_025159015.1"
"354","GCF_025388785.1_ASM2538878v1_genomic",100,1.54,"Neural","Network","(Specific","Model)",11,0.861,330157,310.363320295524,4966866,0.52,4602,"GCF_025388785.1"
"355","GCF_025388825.1_ASM2538882v1_genomic",100,2.23,"Neural","Network","(Specific","Model)",11,0.862,284880,310.14516824849,4994017,0.52,4636,"GCF_025388825.1"
"356","GCF_025388845.1_ASM2538884v1_genomic",100,1.38,"Neural","Network","(Specific","Model)",11,0.862,332273,311.826889279438,4933126,0.52,4552,"GCF_025388845.1"
"357","GCF_025388855.1_ASM2538885v1_genomic",100,1.37,"Neural","Network","(Specific","Model)",11,0.861,329474,311.323154657294,4930663,0.52,4552,"GCF_025388855.1"
"358","GCF_025388925.1_ASM2538892v1_genomic",100,1.35,"Neural","Network","(Specific","Model)",11,0.862,330163,313.562110418522,4895833,0.52,4492,"GCF_025388925.1"
"359","GCF_025388945.1_ASM2538894v1_genomic",100,1.8,"Neural","Network","(Specific","Model)",11,0.861,305018,306.967302452316,5093451,0.52,4771,"GCF_025388945.1"
"360","GCF_025402895.1_ASM2540289v1_genomic",100,0.29,"Neural","Network","(Specific","Model)",11,0.849,4086511,307.103798126951,4161190,0.53,3844,"GCF_025402895.1"
"361","GCF_025656905.1_ASM2565690v1_genomic",100,0.18,"Neural","Network","(Specific","Model)",11,0.851,4122351,302.758462713159,4183882,0.53,3929,"GCF_025656905.1"
"362","GCF_025818805.1_ASM2581880v1_genomic",100,0.11,"Neural","Network","(Specific","Model)",11,0.854,386509,315.275740686418,3769343,0.54,3409,"GCF_025818805.1"
"363","GCF_025947915.1_ASM2594791v1_genomic",100,3.22,"Neural","Network","(Specific","Model)",11,0.872,313858,323.341577409932,5702125,0.55,5135,"GCF_025947915.1"
"364","GCF_025987805.1_ASM2598780v1_genomic",100,0.12,"Neural","Network","(Specific","Model)",11,0.847,3800604,315.483806248209,3890101,0.54,3489,"GCF_025987805.1"
"365","GCF_025987825.1_ASM2598782v1_genomic",100,0.11,"Neural","Network","(Specific","Model)",11,0.847,3800460,316.873243559719,3828751,0.54,3416,"GCF_025987825.1"
"366","GCF_026233155.1_ASM2623315v1_genomic",100,0.22,"Neural","Network","(Specific","Model)",11,0.88,460386,317.247996625896,5123268,0.55,4742,"GCF_026233155.1"
"367","GCF_026549045.1_ASM2654904v1_genomic",100,0.18,"Neural","Network","(Specific","Model)",11,0.836,211094,305.479472140762,4476533,0.51,4092,"GCF_026549045.1"
"368","GCF_026549055.1_ASM2654905v1_genomic",100,0.23,"Neural","Network","(Specific","Model)",11,0.838,314740,305.75012025012,4542039,0.51,4158,"GCF_026549055.1"
"369","GCF_026549085.1_ASM2654908v1_genomic",100,0.28,"Neural","Network","(Specific","Model)",11,0.836,161744,303.025563560307,4667493,0.51,4303,"GCF_026549085.1"
"370","GCF_026966895.1_ASM2696689v1_genomic",100,0.11,"Neural","Network","(Specific","Model)",11,0.853,387718,315.994138335287,3786388,0.54,3412,"GCF_026966895.1"
"371","GCF_026966915.1_ASM2696691v1_genomic",100,0.13,"Neural","Network","(Specific","Model)",11,0.853,387157,315.283188405797,3818085,0.53,3450,"GCF_026966915.1"
"372","GCF_027557715.1_ASM2755771v1_genomic",100,0.14,"Neural","Network","(Specific","Model)",11,0.847,3804080,316.55503649635,3832331,0.54,3425,"GCF_027557715.1"
"373","GCF_028623185.1_ASM2862318v1_genomic",100,0.11,"Neural","Network","(Specific","Model)",11,0.847,3799623,317.020204978038,3827906,0.54,3415,"GCF_028623185.1"
"374","GCF_029967685.1_ASM2996768v1_genomic",100,0.33,"Neural","Network","(Specific","Model)",11,0.878,134120,316.140791954745,5149412,0.56,4773,"GCF_029967685.1"
"375","GCF_030433775.1_ASM3043377v1_genomic",100,0.06,"Neural","Network","(Specific","Model)",11,0.858,150708,311.720998201439,4841466,0.56,4448,"GCF_030433775.1"
"376","GCF_030484085.1_ASM3048408v1_genomic",100,0.07,"Neural","Network","(Specific","Model)",11,0.862,489674,321.068722680913,4596380,0.56,4118,"GCF_030484085.1"
"377","GCF_030758455.1_ASM3075845v1_genomic",100,0.08,"Neural","Network","(Specific","Model)",11,0.867,4523022,311.047887960244,4758430,0.54,4427,"GCF_030758455.1"
"378","GCF_031978025.1_ASM3197802v1_genomic",95.35,0.37,"Neural","Network","(Specific","Model)",11,0.848,13512,283.850035203004,4269130,0.54,4261,"GCF_031978025.1"
"379","GCF_031980025.1_ASM3198002v1_genomic",99.95,0.58,"Neural","Network","(Specific","Model)",11,0.873,37934,306.367551326991,4199592,0.57,3994,"GCF_031980025.1"
"380","GCF_032052925.1_ASM3205292v1_genomic",98.58,0.88,"Neural","Network","(Specific","Model)",11,0.872,72832,309.73351579995,4276485,0.57,4019,"GCF_032052925.1"
"381","GCF_033657285.1_ASM3365728v1_genomic",100,0.14,"Neural","Network","(Specific","Model)",11,0.87,378099,316.004682744088,4644887,0.54,4271,"GCF_033657285.1"
"382","GCF_036865485.1_ASM3686548v1_genomic",97.54,3.29,"Neural","Network","(Specific","Model)",11,0.863,4802246,277.057907348243,4802246,0.54,5008,"GCF_036865485.1"
"383","GCF_036865495.1_ASM3686549v1_genomic",99.91,0.96,"Neural","Network","(Specific","Model)",11,0.871,4803247,304.31925087108,4803247,0.54,4592,"GCF_036865495.1"
"384","GCF_036865505.1_ASM3686550v1_genomic",99.97,0.79,"Neural","Network","(Specific","Model)",11,0.872,4803438,309.33267020336,4803438,0.54,4524,"GCF_036865505.1"
"385","GCF_036865515.1_ASM3686551v1_genomic",99.99,0.62,"Neural","Network","(Specific","Model)",11,0.872,4803539,310.950011108643,4803539,0.54,4501,"GCF_036865515.1"
"386","GCF_036865525.1_ASM3686552v1_genomic",99.95,0.31,"Neural","Network","(Specific","Model)",11,0.872,4803440,309.402387795711,4803440,0.54,4523,"GCF_036865525.1"
"387","GCF_036865535.1_ASM3686553v1_genomic",98.28,1.89,"Neural","Network","(Specific","Model)",11,0.868,4803046,293.854373024236,4803046,0.54,4745,"GCF_036865535.1"
"388","GCF_036865545.1_ASM3686554v1_genomic",99.97,0.88,"Neural","Network","(Specific","Model)",11,0.873,4803726,313.486686059521,4803726,0.54,4469,"GCF_036865545.1"
"389","GCF_036865555.1_ASM3686555v1_genomic",100,0.23,"Neural","Network","(Specific","Model)",11,0.876,4791284,317.126725503508,4791284,0.55,4419,"GCF_036865555.1"
"390","GCF_036865565.1_ASM3686556v1_genomic",100,0.09,"Neural","Network","(Specific","Model)",11,0.868,4641361,301.929789143114,4641361,0.57,4458,"GCF_036865565.1"
"391","GCF_036865575.1_ASM3686557v1_genomic",99.99,0.08,"Neural","Network","(Specific","Model)",11,0.865,4609078,294.785808726311,4629843,0.57,4538,"GCF_036865575.1"
"392","GCF_036865585.1_ASM3686558v1_genomic",99.98,0.26,"Neural","Network","(Specific","Model)",11,0.864,4616747,294.773298083278,4633429,0.57,4539,"GCF_036865585.1"
"393","GCF_036865595.1_ASM3686559v1_genomic",99.96,0.1,"Neural","Network","(Specific","Model)",11,0.867,4496779,300.056972203078,4509282,0.57,4353,"GCF_036865595.1"
"394","GCF_036865605.1_ASM3686560v1_genomic",99.83,0.13,"Neural","Network","(Specific","Model)",11,0.867,4496765,300.752591568763,4509278,0.57,4341,"GCF_036865605.1"
"395","GCF_036865615.1_ASM3686561v1_genomic",99.84,0.12,"Neural","Network","(Specific","Model)",11,0.866,4496594,297.604789053592,4509107,0.57,4385,"GCF_036865615.1"
"396","GCF_036865625.1_ASM3686562v1_genomic",99.76,0.11,"Neural","Network","(Specific","Model)",11,0.867,4496796,300.097167856321,4500966,0.57,4343,"GCF_036865625.1"
"397","GCF_036865635.1_ASM3686563v1_genomic",99.81,0.15,"Neural","Network","(Specific","Model)",11,0.865,4496684,299.322868927589,4521687,0.57,4364,"GCF_036865635.1"
"398","GCF_036865645.1_ASM3686564v1_genomic",99.85,0.16,"Neural","Network","(Specific","Model)",11,0.866,4496732,299.206010552879,4509612,0.57,4359,"GCF_036865645.1"
"399","GCF_036865655.1_ASM3686565v1_genomic",99.99,0.11,"Neural","Network","(Specific","Model)",11,0.868,4496783,300.215979737509,4496783,0.57,4343,"GCF_036865655.1"
"400","GCF_036865665.1_ASM3686566v1_genomic",99.97,0.13,"Neural","Network","(Specific","Model)",11,0.866,4496718,297.731418148655,4513268,0.57,4386,"GCF_036865665.1"
"401","GCF_036865675.1_ASM3686567v1_genomic",99.11,0.09,"Neural","Network","(Specific","Model)",11,0.865,4496726,299.328049620951,4509237,0.57,4353,"GCF_036865675.1"
"402","GCF_036865685.1_ASM3686568v1_genomic",100,0.04,"Neural","Network","(Specific","Model)",11,0.867,4648029,296.146400351185,4656371,0.57,4556,"GCF_036865685.1"
"403","GCF_036865695.1_ASM3686569v1_genomic",100,0.06,"Neural","Network","(Specific","Model)",11,0.867,4647979,297.148172611185,4660493,0.57,4542,"GCF_036865695.1"
"404","GCF_036865705.1_ASM3686570v1_genomic",100,0.02,"Neural","Network","(Specific","Model)",11,0.868,4647829,295.383873794917,4647829,0.57,4564,"GCF_036865705.1"
"405","GCF_036865715.1_ASM3686571v1_genomic",100,0.09,"Neural","Network","(Specific","Model)",11,0.866,4648037,296.649879041126,4664736,0.57,4547,"GCF_036865715.1"
"406","GCF_036865725.1_ASM3686572v1_genomic",100,0.05,"Neural","Network","(Specific","Model)",11,0.867,4648006,297.483153490421,4664683,0.57,4541,"GCF_036865725.1"
"407","GCF_036865735.1_ASM3686573v1_genomic",100,0.06,"Neural","Network","(Specific","Model)",11,0.866,4648065,296.30899122807,4668918,0.57,4560,"GCF_036865735.1"
"408","GCF_036865745.1_ASM3686574v1_genomic",100,0.07,"Neural","Network","(Specific","Model)",11,0.869,4648409,303.419775280899,4652579,0.57,4450,"GCF_036865745.1"
"409","GCF_036865755.1_ASM3686575v1_genomic",99.99,0.13,"Neural","Network","(Specific","Model)",11,0.865,4518862,296.557094211124,4518862,0.57,4405,"GCF_036865755.1"
"410","GCF_036865765.1_ASM3686576v1_genomic",99.7,0.12,"Neural","Network","(Specific","Model)",11,0.867,4518941,297.577989995452,4518941,0.57,4398,"GCF_036865765.1"
"411","GCF_036865775.1_ASM3686577v1_genomic",99.57,0.11,"Neural","Network","(Specific","Model)",11,0.865,4518849,297.547483488955,4518849,0.57,4391,"GCF_036865775.1"
"412","GCF_036865785.1_ASM3686578v1_genomic",99.97,0.11,"Neural","Network","(Specific","Model)",11,0.866,4518797,297.294452023647,4518797,0.57,4398,"GCF_036865785.1"
"413","GCF_036865795.1_ASM3686579v1_genomic",99.99,0.07,"Neural","Network","(Specific","Model)",11,0.866,4518959,299.101784080512,4518959,0.57,4372,"GCF_036865795.1"
"414","GCF_036865805.1_ASM3686580v1_genomic",99.89,0.1,"Neural","Network","(Specific","Model)",11,0.865,4518873,296.669012485812,4518873,0.57,4405,"GCF_036865805.1"
"415","GCF_036865815.1_ASM3686581v1_genomic",99.85,0.12,"Neural","Network","(Specific","Model)",11,0.866,4518863,297.765027322404,4518863,0.57,4392,"GCF_036865815.1"
"416","GCF_036865825.1_ASM3686582v1_genomic",99.94,0.08,"Neural","Network","(Specific","Model)",11,0.865,4518661,296.028545536928,4518661,0.57,4414,"GCF_036865825.1"
"417","GCF_036865835.1_ASM3686583v1_genomic",99.89,0.21,"Neural","Network","(Specific","Model)",11,0.867,4610735,300.597525309336,4610735,0.57,4445,"GCF_036865835.1"
"418","GCF_036865845.1_ASM3686584v1_genomic",99.99,0.21,"Neural","Network","(Specific","Model)",11,0.865,4609784,295.406111603189,4613953,0.57,4516,"GCF_036865845.1"
"419","GCF_036865855.1_ASM3686585v1_genomic",99.99,0.2,"Neural","Network","(Specific","Model)",11,0.867,4609911,300.509327938863,4618247,0.57,4449,"GCF_036865855.1"
"420","GCF_036865875.1_ASM3686587v1_genomic",99.99,0.26,"Neural","Network","(Specific","Model)",11,0.867,4609865,299.760538116592,4618206,0.57,4460,"GCF_036865875.1"
"421","GCF_036865885.1_ASM3686588v1_genomic",99.8,1.23,"Neural","Network","(Specific","Model)",11,0.864,4609615,290.706190061029,4617952,0.57,4588,"GCF_036865885.1"
"422","GCF_036865895.1_ASM3686589v1_genomic",99.99,0.16,"Neural","Network","(Specific","Model)",11,0.869,4560183,302.591449474166,4560183,0.57,4374,"GCF_036865895.1"
"423","GCF_036865905.1_ASM3686590v1_genomic",99.99,0.27,"Neural","Network","(Specific","Model)",11,0.867,4608736,299.561827956989,4617074,0.57,4464,"GCF_036865905.1"
"424","GCF_036865915.1_ASM3686591v1_genomic",99.91,0.13,"Neural","Network","(Specific","Model)",11,0.868,4552202,302.070448307411,4552202,0.57,4372,"GCF_036865915.1"
"425","GCF_036865925.1_ASM3686592v1_genomic",100,0.06,"Neural","Network","(Specific","Model)",11,0.867,4610731,300.654365436544,4610731,0.57,4444,"GCF_036865925.1"
"426","GCF_036865935.1_ASM3686593v1_genomic",100,0.06,"Neural","Network","(Specific","Model)",11,0.868,4610698,300.158769368965,4610698,0.57,4453,"GCF_036865935.1"
"427","GCF_036865945.1_ASM3686594v1_genomic",100,0.06,"Neural","Network","(Specific","Model)",11,0.868,4610664,300.14657687991,4610664,0.57,4455,"GCF_036865945.1"
"428","GCF_036865955.1_ASM3686595v1_genomic",100,0.05,"Neural","Network","(Specific","Model)",11,0.868,4610747,301.025669894168,4610747,0.57,4441,"GCF_036865955.1"
"429","GCF_036865965.1_ASM3686596v1_genomic",100,0.04,"Neural","Network","(Specific","Model)",11,0.867,4610698,300.050314465409,4610698,0.57,4452,"GCF_036865965.1"
"430","GCF_036865975.1_ASM3686597v1_genomic",100,0.04,"Neural","Network","(Specific","Model)",11,0.868,4610696,300.290337078652,4610696,0.57,4450,"GCF_036865975.1"
"431","GCF_036865985.1_ASM3686598v1_genomic",100,0.05,"Neural","Network","(Specific","Model)",11,0.868,4610929,302.901245753114,4610929,0.57,4415,"GCF_036865985.1"
"432","GCF_036865995.1_ASM3686599v1_genomic",100,0.06,"Neural","Network","(Specific","Model)",11,0.868,4610710,300.252357431522,4610710,0.57,4454,"GCF_036865995.1"
"433","GCF_036866005.1_ASM3686600v1_genomic",100,0.07,"Neural","Network","(Specific","Model)",11,0.869,4613212,303.124066108218,4613212,0.57,4417,"GCF_036866005.1"
"434","GCF_036866015.1_ASM3686601v1_genomic",99.96,0.09,"Neural","Network","(Specific","Model)",11,0.868,4569404,303.82771277816,4569404,0.57,4359,"GCF_036866015.1"
"435","GCF_036866025.1_ASM3686602v1_genomic",100,0.17,"Neural","Network","(Specific","Model)",11,0.866,4547633,299.430253623188,4568385,0.57,4416,"GCF_036866025.1"
"436","GCF_036866035.1_ASM3686603v1_genomic",99.98,0.06,"Neural","Network","(Specific","Model)",11,0.868,4547700,303.994470046083,4547700,0.57,4340,"GCF_036866035.1"
"437","GCF_036866045.1_ASM3686604v1_genomic",100,0.09,"Neural","Network","(Specific","Model)",11,0.869,4547838,303.685419058553,4558402,0.57,4355,"GCF_036866045.1"
"438","GCF_036866055.1_ASM3686605v1_genomic",99.99,0.06,"Neural","Network","(Specific","Model)",11,0.868,4547644,304.185151026055,4547644,0.57,4337,"GCF_036866055.1"
"439","GCF_036866065.1_ASM3686606v1_genomic",99.99,0.07,"Neural","Network","(Specific","Model)",11,0.868,4547855,303.421487603306,4558410,0.57,4356,"GCF_036866065.1"
"440","GCF_036866085.1_ASM3686608v1_genomic",96.98,0.17,"Neural","Network","(Specific","Model)",11,0.86,4412453,291.751575157516,4508094,0.57,4444,"GCF_036866085.1"
"441","GCF_036866095.1_ASM3686609v1_genomic",99.99,0.12,"Neural","Network","(Specific","Model)",11,0.865,4496767,298.49335472044,4505105,0.57,4364,"GCF_036866095.1"
"442","GCF_036866105.1_ASM3686610v1_genomic",99.71,0.11,"Neural","Network","(Specific","Model)",11,0.864,4496723,298.521828571429,4521763,0.57,4375,"GCF_036866105.1"
"443","GCF_036866115.1_ASM3686611v1_genomic",99.98,0.08,"Neural","Network","(Specific","Model)",11,0.866,4496735,298.378137836604,4517443,0.57,4382,"GCF_036866115.1"
"444","GCF_036866125.1_ASM3686612v1_genomic",99.89,0.07,"Neural","Network","(Specific","Model)",11,0.866,4496651,299.36175591818,4500792,0.57,4351,"GCF_036866125.1"
"445","GCF_036866135.1_ASM3686613v1_genomic",100,0.02,"Neural","Network","(Specific","Model)",11,0.867,4688778,295.301518438178,4701288,0.57,4610,"GCF_036866135.1"
"446","GCF_036866145.1_ASM3686614v1_genomic",100,0.08,"Neural","Network","(Specific","Model)",11,0.866,4648018,295.447051085288,4656359,0.57,4561,"GCF_036866145.1"
"447","GCF_036866155.1_ASM3686615v1_genomic",100,0.06,"Neural","Network","(Specific","Model)",11,0.866,4647985,293.354389022,4656322,0.57,4591,"GCF_036866155.1"
"448","GCF_036866165.1_ASM3686616v1_genomic",100,0.03,"Neural","Network","(Specific","Model)",11,0.866,4647989,296.30195303928,4664666,0.57,4557,"GCF_036866165.1"
"449","GCF_036866175.1_ASM3686617v1_genomic",99.98,0.03,"Neural","Network","(Specific","Model)",11,0.867,4648066,297.059625962596,4660584,0.57,4545,"GCF_036866175.1"
"450","GCF_036866185.1_ASM3686618v1_genomic",99.99,0.06,"Neural","Network","(Specific","Model)",11,0.868,4648059,298.057913351017,4648059,0.57,4524,"GCF_036866185.1"
"451","GCF_036866195.1_ASM3686619v1_genomic",100,0.08,"Neural","Network","(Specific","Model)",11,0.868,4688656,295.654557319991,4688656,0.57,4597,"GCF_036866195.1"
"452","GCF_036866205.1_ASM3686620v1_genomic",99.5,0.09,"Neural","Network","(Specific","Model)",11,0.864,4496639,298.419945105215,4517496,0.57,4372,"GCF_036866205.1"
"453","GCF_036866215.1_ASM3686621v1_genomic",99.98,0.14,"Neural","Network","(Specific","Model)",11,0.866,4518805,293.979536766359,4518805,0.57,4447,"GCF_036866215.1"
"454","GCF_036866225.1_ASM3686622v1_genomic",99.89,0.11,"Neural","Network","(Specific","Model)",11,0.866,4518696,296.234375,4518696,0.57,4416,"GCF_036866225.1"
"455","GCF_036866235.1_ASM3686623v1_genomic",99.98,0.1,"Neural","Network","(Specific","Model)",11,0.866,4518917,299.208190345459,4518917,0.57,4371,"GCF_036866235.1"
"456","GCF_036866245.1_ASM3686624v1_genomic",99.74,0.13,"Neural","Network","(Specific","Model)",11,0.866,4518889,298.793828571429,4518889,0.57,4375,"GCF_036866245.1"
"457","GCF_036866255.1_ASM3686625v1_genomic",99.91,0.05,"Neural","Network","(Specific","Model)",11,0.866,4518924,298.961608775137,4518924,0.57,4376,"GCF_036866255.1"
"458","GCF_036866265.1_ASM3686626v1_genomic",99.53,0.12,"Neural","Network","(Specific","Model)",11,0.866,4518767,296.469748470428,4518767,0.57,4413,"GCF_036866265.1"
"459","GCF_036866275.1_ASM3686627v1_genomic",99.93,0.09,"Neural","Network","(Specific","Model)",11,0.866,4518753,296.268812330009,4518753,0.57,4412,"GCF_036866275.1"
"460","GCF_036866285.1_ASM3686628v1_genomic",99.99,0.22,"Neural","Network","(Specific","Model)",11,0.868,4609956,301.223449830891,4609956,0.57,4435,"GCF_036866285.1"
"461","GCF_036866295.1_ASM3686629v1_genomic",99.99,0.21,"Neural","Network","(Specific","Model)",11,0.867,4598922,299.466396943133,4598922,0.57,4449,"GCF_036866295.1"
"462","GCF_036866305.1_ASM3686630v1_genomic",100,0.06,"Neural","Network","(Specific","Model)",11,0.868,4610787,301.045945945946,4610787,0.57,4440,"GCF_036866305.1"
"463","GCF_036866315.1_ASM3686631v1_genomic",100,0.04,"Neural","Network","(Specific","Model)",11,0.868,4610737,300.522706834532,4610737,0.57,4448,"GCF_036866315.1"
"464","GCF_036866325.1_ASM3686632v1_genomic",99.89,0.12,"Neural","Network","(Specific","Model)",11,0.868,4539651,299.697107720337,4539651,0.57,4391,"GCF_036866325.1"
"465","GCF_036866335.1_ASM3686633v1_genomic",99.62,0.11,"Neural","Network","(Specific","Model)",11,0.864,4539261,291.48855301178,4539261,0.57,4499,"GCF_036866335.1"
"466","GCF_036866345.1_ASM3686634v1_genomic",99.99,0.02,"Neural","Network","(Specific","Model)",11,0.861,4612362,285.278870829769,4633217,0.57,4676,"GCF_036866345.1"
"467","GCF_036866355.1_ASM3686635v1_genomic",100,0.03,"Neural","Network","(Specific","Model)",11,0.867,4610687,300.039937177474,4614859,0.57,4457,"GCF_036866355.1"
"468","GCF_036866365.1_ASM3686636v1_genomic",99.99,0.07,"Neural","Network","(Specific","Model)",11,0.867,4610353,300.00516621743,4610353,0.57,4452,"GCF_036866365.1"
"469","GCF_036866375.1_ASM3686637v1_genomic",100,0.04,"Neural","Network","(Specific","Model)",11,0.869,4566596,301.535698044566,4570767,0.57,4398,"GCF_036866375.1"
"470","GCF_036866385.1_ASM3686638v1_genomic",100,0.04,"Neural","Network","(Specific","Model)",11,0.867,4610633,299.535978480161,4610633,0.57,4461,"GCF_036866385.1"
"471","GCF_036866395.1_ASM3686639v1_genomic",99.99,0.09,"Neural","Network","(Specific","Model)",11,0.864,4614939,295.831968120434,4627211,0.57,4517,"GCF_036866395.1"
"472","GCF_036866405.1_ASM3686640v1_genomic",99.95,0.12,"Neural","Network","(Specific","Model)",11,0.867,4615398,300.68106162843,4615398,0.57,4446,"GCF_036866405.1"
"473","GCF_036866415.1_ASM3686641v1_genomic",99.99,0.07,"Neural","Network","(Specific","Model)",11,0.864,4615200,297.283203559511,4627474,0.57,4495,"GCF_036866415.1"
"474","GCF_036866425.1_ASM3686642v1_genomic",99.99,0.2,"Neural","Network","(Specific","Model)",11,0.867,4610001,301.541327913279,4610001,0.57,4428,"GCF_036866425.1"
"475","GCF_036866435.1_ASM3686643v1_genomic",99.99,0.11,"Neural","Network","(Specific","Model)",11,0.864,4569213,296.838572070049,4577549,0.57,4454,"GCF_036866435.1"
"476","GCF_036866445.1_ASM3686644v1_genomic",100,0.13,"Neural","Network","(Specific","Model)",11,0.868,4569669,305.499539594843,4578004,0.57,4344,"GCF_036866445.1"
"477","GCF_036874005.1_ASM3687400v1_genomic",100,0.04,"Neural","Network","(Specific","Model)",11,0.867,4647976,297.904667109047,4647976,0.57,4521,"GCF_036874005.1"
"478","GCF_037026505.1_ASM3702650v1_genomic",100,0.09,"Neural","Network","(Specific","Model)",11,0.872,568874,325.463884821864,4580389,0.57,4098,"GCF_037026505.1"
"479","GCF_037045765.1_ASM3704576v1_genomic",100,0.33,"Neural","Network","(Specific","Model)",11,0.873,258995,314.460180623974,5256736,0.56,4872,"GCF_037045765.1"
"480","GCF_037045795.1_ASM3704579v1_genomic",100,0.79,"Neural","Network","(Specific","Model)",11,0.874,206269,312.224066390042,5159946,0.56,4820,"GCF_037045795.1"
"481","GCF_037045825.1_ASM3704582v1_genomic",100,0.45,"Neural","Network","(Specific","Model)",11,0.872,500535,312.602105681367,5406673,0.56,5034,"GCF_037045825.1"
"482","GCF_037081855.1_ASM3708185v1_genomic",100,0.42,"Neural","Network","(Specific","Model)",11,0.874,4730640,317.50184501845,5014385,0.55,4607,"GCF_037081855.1"
"483","GCF_037144385.1_ASM3714438v1_genomic",100,0.01,"Neural","Network","(Specific","Model)",11,0.877,272732,315.242424242424,4904849,0.57,4554,"GCF_037144385.1"
"484","GCF_037149315.1_ASM3714931v1_genomic",100,0.05,"Neural","Network","(Specific","Model)",11,0.877,575153,318.33093686812,4837878,0.57,4451,"GCF_037149315.1"
"485","GCF_037149355.1_ASM3714935v1_genomic",100,0.09,"Neural","Network","(Specific","Model)",11,0.877,480192,322.357560756076,4891930,0.57,4444,"GCF_037149355.1"
"486","GCF_037149555.1_ASM3714955v1_genomic",100,0.05,"Neural","Network","(Specific","Model)",11,0.877,486171,318.854377672744,4837384,0.57,4443,"GCF_037149555.1"
"487","GCF_037149855.1_ASM3714985v1_genomic",100,0.08,"Neural","Network","(Specific","Model)",11,0.877,462867,322.50832958127,4892812,0.57,4442,"GCF_037149855.1"
"488","GCF_037212895.1_Erwinia_amylovora_YKB14808_genomic",100,0.14,"Neural","Network","(Specific","Model)",11,0.848,3803638,316.910286382233,3831889,0.54,3422,"GCF_037212895.1"
"489","GCF_037450285.1_ASM3745028v1_genomic",99.98,1.18,"Neural","Network","(Specific","Model)",11,0.871,2877132,325.6508101371,5392820,0.57,4814,"GCF_037450285.1"
"490","GCF_037479155.1_ASM3747915v1_genomic",99.95,0.04,"Neural","Network","(Specific","Model)",11,0.876,2570355,312.215137714162,4921382,0.54,4611,"GCF_037479155.1"
"491","GCF_037479175.1_ASM3747917v1_genomic",100,0.29,"Neural","Network","(Specific","Model)",11,0.882,706071,319.521123645211,4907227,0.54,4521,"GCF_037479175.1"
"492","GCF_037479335.1_ASM3747933v1_genomic",100,0.43,"Neural","Network","(Specific","Model)",11,0.883,570570,325.929372937294,5026532,0.55,4545,"GCF_037479335.1"
"493","GCF_037479575.1_ASM3747957v1_genomic",99.99,2.68,"Neural","Network","(Specific","Model)",11,0.872,601712,296.733544526575,5789730,0.54,5682,"GCF_037479575.1"
"494","GCF_039023475.1_ASM3902347v1_genomic",100,0,"Neural","Network","(Specific","Model)",11,0.865,468406,315.296963458569,4244786,0.55,3886,"GCF_039023475.1"
"495","GCF_039023495.1_ASM3902349v1_genomic",100,0.04,"Neural","Network","(Specific","Model)",11,0.868,947247,313.684604247104,4483872,0.54,4144,"GCF_039023495.1"
"496","GCF_039134845.1_ASM3913484v1_genomic",100,0.17,"Neural","Network","(Specific","Model)",11,0.873,4673651,323.374970315839,4673651,0.53,4211,"GCF_039134845.1"
"497","GCF_039621855.1_ASM3962185v1_genomic",100,0.02,"Neural","Network","(Specific","Model)",11,0.85,4797783,317.164746543779,4847909,0.54,4340,"GCF_039621855.1"
"498","GCF_039672585.1_ASM3967258v1_genomic",100,0.19,"Neural","Network","(Specific","Model)",11,0.851,359341,313.750580720093,3801099,0.54,3444,"GCF_039672585.1"
"499","GCF_039675445.1_ASM3967544v1_genomic",100,0.89,"Neural","Network","(Specific","Model)",11,0.878,691157,320.835848666529,5294631,0.55,4837,"GCF_039675445.1"
"500","GCF_039675645.1_ASM3967564v1_genomic",100,0.25,"Neural","Network","(Specific","Model)",11,0.852,230394,310.899124046341,3868628,0.54,3539,"GCF_039675645.1"
"501","GCF_039675685.1_ASM3967568v1_genomic",100,0.53,"Neural","Network","(Specific","Model)",11,0.88,709891,321.514576962283,5368640,0.55,4905,"GCF_039675685.1"
"502","GCF_039675705.1_ASM3967570v1_genomic",100,0.15,"Neural","Network","(Specific","Model)",11,0.878,2649378,324.098212362697,5135822,0.55,4643,"GCF_039675705.1"
"503","GCF_039675725.1_ASM3967572v1_genomic",100,0.26,"Neural","Network","(Specific","Model)",11,0.882,536403,323.278077373974,4681200,0.56,4265,"GCF_039675725.1"
"504","GCF_040105085.1_ASM4010508v1_genomic",100,0.12,"Neural","Network","(Specific","Model)",11,0.846,3800955,315.514285714286,3829212,0.54,3430,"GCF_040105085.1"
"505","GCF_040125995.1_ASM4012599v1_genomic",100,0.14,"Neural","Network","(Specific","Model)",11,0.847,3807149,317.275730994152,3835408,0.54,3420,"GCF_040125995.1"
"506","GCF_040234495.1_E.a._E22_genomic",100,0.1,"Neural","Network","(Specific","Model)",11,0.848,3799623,317.903425871235,3799623,0.54,3386,"GCF_040234495.1"
"507","GCF_040741485.1_ASM4074148v1_genomic",100,0.69,"Neural","Network","(Specific","Model)",11,0.864,459244,312.572302315422,4956923,0.52,4578,"GCF_040741485.1"
"508","GCF_041015235.1_Erwinia_pyrifoliae_YKB12327_genomic",99.98,1.38,"Neural","Network","(Specific","Model)",11,0.837,4018953,277.786917256529,4061634,0.53,4097,"GCF_041015235.1"
"509","GCF_041224955.1_ASM4122495v1_genomic",100,0.03,"Neural","Network","(Specific","Model)",11,0.862,278928,309.375812743823,4962601,0.56,4614,"GCF_041224955.1"
"510","GCF_041320675.1_ASM4132067v1_genomic",100,0.09,"Neural","Network","(Specific","Model)",11,0.862,508976,314.640336527226,4675682,0.56,4279,"GCF_041320675.1"
"511","GCF_900068895.1_Ervv1.fasta_genomic",100,0.2,"Neural","Network","(Specific","Model)",11,0.85,364655,315.729908083903,4719019,0.55,4243,"GCF_900068895.1"
"512","GCF_900143135.1_ErCipseudotaxifoliae_v1.0_genomic",99.98,0,"Neural","Network","(Specific","Model)",11,0.589,1064893,321.387144992526,1094672,0.35,669,"GCF_900143135.1"
"513","GCF_900604315.1_PRJEB25870_genomic",99.99,0.02,"Neural","Network","(Specific","Model)",11,0.864,3872156,310.624622356495,4275917,0.55,3972,"GCF_900604315.1"
"514","GCF_900698855.1_ErCicurtihirsuta_v1.0_genomic",99.98,0.23,"Neural","Network","(Specific","Model)",11,0.567,1077356,327.461180124224,1114610,0.3,644,"GCF_900698855.1"
"515","GCF_900698885.1_ErCisplendens_pseudotsugae_v1.0_genomic",99.99,0,"Neural","Network","(Specific","Model)",11,0.594,1049917,329.340030911901,1076202,0.31,647,"GCF_900698885.1"
"516","GCF_900698925.1_ErCicurvipes_v1.0_genomic",99.97,0.28,"Neural","Network","(Specific","Model)",11,0.569,1076893,329.9375,1112955,0.31,640,"GCF_900698925.1"
"517","GCF_900698935.1_ErCikochiana_v1.0_genomic",100,0.01,"Neural","Network","(Specific","Model)",11,0.577,1057527,309.477272727273,1131610,0.35,704,"GCF_900698935.1"
"518","GCF_900698955.1_ErCilaricifoliae_v1.0_genomic",99.99,0.02,"Neural","Network","(Specific","Model)",11,0.608,1058529,310.736325385694,1091829,0.34,713,"GCF_900698955.1"
"519","GCF_900698965.1_ErCipseudotaxifoliae_v2.0_genomic",99.98,0,"Neural","Network","(Specific","Model)",11,0.589,1064936,321.770958083832,1094715,0.35,668,"GCF_900698965.1"
"520","GCF_900698985.1_ErCipseudotsugae_Palmer_v1.0_genomic",99.95,0.02,"Neural","Network","(Specific","Model)",11,0.589,1047680,330.35524256651,1074193,0.3,639,"GCF_900698985.1"
"521","GCF_900698995.1_ErCisplendens_Palmer_v1.0_genomic",99.95,0,"Neural","Network","(Specific","Model)",11,0.595,1040040,331.858934169279,1067060,0.3,638,"GCF_900698995.1"
"522","GCF_900699015.1_ErCipiceae_v1.0_genomic",100,0.19,"Neural","Network","(Specific","Model)",11,0.552,1081117,330.449206349206,1130849,0.3,630,"GCF_900699015.1"
"523","GCF_913774645.1_S1C8761_SP8_genomic",95.35,0.6,"Neural","Network","(Specific","Model)",11,0.882,175567,324.996568627451,4505884,0.57,4080,"GCF_913774645.1"
"524","GCF_918698235.1_SRABI13_genomic",100,0.59,"Neural","Network","(Specific","Model)",11,0.873,383165,314.401659026413,4939014,0.56,4581,"GCF_918698235.1"
"525","GCF_963520805.1_ERR9968784_bin.9_MetaWRAP_v1.3_MAG_genomic",99.99,1.29,"Neural","Network","(Specific","Model)",11,0.876,259061,328.684099089562,5309187,0.57,4723,"GCF_963520805.1"
